order_id,customer_id,order_date,amount,product_category
5001,1654.0,2024-04-20,396.18,home
5002,1170.0,2025-05-06,308.27,electronics
5003,1932.0,2025-02-17,365.82,home
5004,1775.0,2023-12-19,132.31,books
5005,1149.0,2024-01-08,113.04,electronics
5006,1864.0,2025-06-15,355.97,electronics
5007,1002.0,2025-03-19,66.87,toys
5008,1651.0,2025-10-09,443.95,toys
5009,1239.0,2025-10-09,93.09,toys
5010,1731.0,2025-07-30,57.06,sports
5011,1625.0,2025-07-07,420.37,clothing
5012,1176.0,2025-09-07,93.66,books
5013,1308.0,2024-01-14,7.98,books
5014,1680.0,2024-01-23,374.61,clothing
5015,1737.0,2024-10-03,82.98,sports
5016,1176.0,2025-09-10,83.6,books
5017,1347.0,2024-05-01,360.66,home
5018,1914.0,2025-03-24,59.37,sports
5019,1235.0,2024-12-07,342.24,books
5020,1102.0,2025-02-09,160.68,electronics
5021,1237.0,2025-08-26,243.21,toys
5022,1145.0,2024-09-23,190.14,clothing
5023,1018.0,2025-05-07,309.04,books
5024,1524.0,2024-02-23,26.9,toys
5025,1408.0,2025-02-21,264.7,toys
5026,1280.0,2024-03-31,201.07,home
5027,1504.0,2025-07-16,429.05,sports
5028,1354.0,2024-06-18,434.06,toys
5029,1508.0,2023-12-15,216.94,sports
5030,1567.0,2024-10-18,367.58,sports
5031,1798.0,2024-08-11,120.79,books
5032,1550.0,2024-02-01,265.8,clothing
5033,1305.0,2023-12-08,482.26,books
5034,1543.0,2025-10-31,177.64,sports
5035,1995.0,2025-06-11,183.64,toys
5036,1368.0,2024-04-09,161.97,toys
5037,1650.0,2024-02-13,92.93,sports
5038,1629.0,2024-07-22,408.82,clothing
5039,1524.0,2024-03-26,249.13,toys
5040,1493.0,2024-05-03,329.49,sports
5041,1724.0,2024-09-26,330.93,electronics
5042,1587.0,2024-03-15,407.59,toys
5043,1568.0,2023-11-15,181.66,sports
5044,1661.0,2025-03-07,83.81,sports
5045,1792.0,2025-02-01,268.39,home
5046,1595.0,2024-11-21,81.25,clothing
5047,1060.0,2025-04-13,46.06,toys
5048,1232.0,2024-08-04,367.29,books
5049,1298.0,2024-06-09,14.46,toys
5050,1133.0,2023-12-29,6.11,sports
5051,1100.0,2024-05-27,162.97,clothing
5052,1940.0,2023-12-04,448.45,home
5053,1116.0,2023-12-25,396.27,sports
5054,1488.0,2025-04-09,395.54,electronics
5055,1307.0,2024-05-06,159.03,electronics
5056,1984.0,2024-09-19,83.05,electronics
5057,1869.0,2025-09-14,497.13,toys
5058,1044.0,2024-09-07,207.22,sports
5059,1777.0,2024-06-18,451.59,clothing
5060,1908.0,2025-02-02,326.81,sports
5061,1098.0,2025-05-10,110.02,clothing
5062,1687.0,2025-02-21,124.52,clothing
5063,1014.0,2024-11-29,84.73,sports
5064,1213.0,2025-06-23,214.99,books
5065,1291.0,2025-09-07,448.92,home
5066,1055.0,2025-01-17,181.17,books
5067,1259.0,2025-04-29,429.34,books
5068,1943.0,2025-03-12,286.19,books
5069,1352.0,2023-11-30,224.47,home
5070,1217.0,2024-03-22,198.64,clothing
5071,1147.0,2024-03-01,411.59,toys
5072,1339.0,2023-12-28,289.82,home
5073,1923.0,2024-03-30,417.13,home
5074,1119.0,2025-05-05,375.71,home
5075,1663.0,2024-11-17,328.38,toys
5076,1023.0,2024-08-11,218.55,books
5077,1274.0,2025-11-05,372.0,electronics
5078,1793.0,2024-07-31,491.06,home
5079,1409.0,2025-06-02,211.81,toys
5080,1889.0,2024-11-04,182.6,electronics
5081,1445.0,2024-11-09,295.9,home
5082,1315.0,2025-05-02,340.63,clothing
5083,1418.0,2024-02-08,96.74,sports
5084,1146.0,2025-08-03,176.53,electronics
5085,1807.0,2025-10-25,204.03,clothing
5086,1612.0,2025-11-02,187.92,sports
5087,1305.0,2024-04-22,160.12,sports
5088,1561.0,2025-04-21,134.52,books
5089,1090.0,2025-05-22,155.9,sports
5090,1360.0,2024-10-27,276.1,books
5091,1739.0,2025-02-15,130.65,clothing
5092,1509.0,2025-04-15,405.57,electronics
5093,1879.0,2025-02-03,115.02,sports
5094,1425.0,2024-07-09,82.53,sports
5096,1632.0,2025-06-19,257.41,books
5097,1362.0,2024-10-09,68.52,electronics
5098,1024.0,2025-10-30,125.41,sports
5099,1928.0,2024-10-13,28.74,books
5100,1214.0,2025-04-08,378.44,sports
5101,1406.0,2024-09-27,67.1,home
5102,1539.0,2024-02-29,176.91,home
5103,1830.0,2024-09-24,436.12,sports
5104,1105.0,2024-06-26,99.97,home
5105,1139.0,2023-12-06,360.82,electronics
5106,1424.0,2025-11-03,151.61,home
5107,1175.0,2024-04-17,72.47,electronics
5108,1890.0,2024-01-12,490.96,sports
5109,1584.0,2025-04-03,55.34,toys
5110,1774.0,2025-06-07,427.62,toys
5111,1280.0,2025-09-16,412.85,clothing
5112,1161.0,2024-01-05,380.78,books
5113,1646.0,2024-03-19,482.04,books
5114,1014.0,2025-10-20,45.56,books
5115,1322.0,2025-10-17,260.4,toys
5116,1045.0,2023-12-22,488.08,clothing
5117,1402.0,2024-05-26,377.22,books
5118,1257.0,2025-06-19,342.07,books
5119,1570.0,2024-01-29,495.33,home
5120,1551.0,2023-12-24,440.65,toys
5121,1508.0,2025-01-16,227.21,electronics
5122,1305.0,2024-12-15,458.3,clothing
5123,1680.0,2025-10-19,89.72,clothing
5125,1522.0,2025-06-28,474.96,books
5126,1690.0,2024-07-01,326.45,electronics
5128,1626.0,2025-08-08,170.02,toys
5129,1506.0,2024-12-19,189.87,home
5130,1823.0,2024-01-08,399.79,home
5131,1237.0,2025-07-16,183.16,clothing
5132,1572.0,2024-11-30,342.36,home
5133,1796.0,2025-08-23,307.71,sports
5134,1028.0,2025-09-06,306.39,toys
5135,1213.0,2024-01-21,342.81,sports
5136,1258.0,2024-08-08,94.08,home
5137,1854.0,2024-05-07,332.28,home
5138,1868.0,2025-06-10,33.56,electronics
5139,2000.0,2023-12-07,215.12,electronics
5140,1280.0,2023-12-10,252.7,books
5141,1544.0,2025-06-25,7.57,sports
5142,1663.0,2024-10-21,31.29,toys
5144,1175.0,2025-03-16,111.44,home
5145,1817.0,2025-06-08,298.99,home
5146,1978.0,2025-02-27,52.62,books
5147,1632.0,2023-12-23,477.83,home
5148,1693.0,2025-08-02,494.68,books
5149,1308.0,2024-08-18,431.58,books
5150,1330.0,2024-06-14,494.44,sports
5151,1122.0,2025-06-23,403.31,books
5152,1637.0,2025-02-26,242.64,books
5153,1470.0,2023-12-04,286.2,toys
5154,1824.0,2025-09-29,,sports
5155,1080.0,2025-04-29,373.96,clothing
5156,1651.0,2024-08-26,143.74,electronics
5157,1591.0,2024-10-18,198.68,toys
5158,1287.0,2023-12-21,119.73,books
5159,1483.0,2024-12-06,168.53,books
5160,1405.0,2025-02-27,146.91,home
5162,1106.0,2023-11-24,454.98,sports
5163,1085.0,2025-10-16,267.26,home
5164,1386.0,2024-01-14,180.85,electronics
5165,1661.0,2024-11-11,238.49,home
5166,1674.0,2024-09-30,256.4,clothing
5168,1924.0,2024-02-08,187.26,books
5169,1934.0,2024-11-29,135.57,sports
5170,1901.0,2024-04-16,174.21,clothing
5171,1844.0,2023-11-27,28.96,sports
5172,1499.0,2023-12-23,16.28,sports
5173,1809.0,2025-01-10,279.47,home
5174,1812.0,2025-04-18,299.54,clothing
5175,1569.0,2024-09-24,371.57,electronics
5176,1949.0,2025-08-07,404.82,clothing
5177,1784.0,2025-09-24,270.89,books
5178,1945.0,2025-03-21,319.97,sports
5179,1534.0,2024-08-14,331.59,electronics
5180,1881.0,2023-11-23,259.24,sports
5181,1667.0,2025-01-07,6.21,clothing
5182,1281.0,2024-05-31,99.47,books
5183,1986.0,2024-04-08,287.56,clothing
5184,1141.0,2024-10-22,489.84,toys
5185,1463.0,2025-02-09,488.17,toys
5186,1211.0,2025-10-28,32.28,books
5187,1299.0,2024-10-13,462.39,toys
5188,1830.0,2024-03-02,46.18,home
5189,1152.0,2024-09-21,79.5,home
5190,1286.0,2025-07-27,376.84,toys
5191,1902.0,2024-08-28,201.78,books
5192,1779.0,2025-04-19,45.76,sports
5193,1252.0,2024-05-17,301.64,clothing
5194,1238.0,2025-07-15,15.8,electronics
5195,1658.0,2024-02-15,83.7,home
5196,1730.0,2024-06-14,412.67,clothing
5197,1335.0,2025-09-20,131.12,home
5198,1343.0,2025-05-13,487.12,books
5199,1248.0,2025-02-17,16.66,clothing
5200,1165.0,2024-01-20,414.11,toys
5201,1684.0,2024-06-20,424.36,clothing
5202,1279.0,2024-07-05,400.91,toys
5203,1289.0,2024-05-20,477.35,electronics
5204,1546.0,2024-09-02,331.85,home
5205,1439.0,2025-02-05,64.41,sports
5206,1023.0,2024-12-10,378.34,clothing
5207,1519.0,2024-05-11,484.38,electronics
5208,1726.0,2024-10-12,323.45,sports
5209,1924.0,2025-01-07,259.98,toys
5210,1578.0,2025-08-07,422.86,books
5211,1852.0,2025-03-09,398.58,home
5212,1245.0,2024-06-04,146.26,electronics
5213,1506.0,2025-02-23,455.77,electronics
5214,1812.0,2024-11-25,210.38,toys
5215,1803.0,2025-05-02,7.28,toys
5216,1111.0,2024-10-10,232.39,sports
5217,1390.0,2024-08-23,270.51,home
5218,1760.0,2024-03-13,152.49,sports
5219,1633.0,2024-11-25,477.14,toys
5220,1768.0,2025-01-11,385.85,sports
5221,1820.0,2024-06-04,280.25,electronics
5222,1627.0,2025-05-19,220.17,sports
5223,1707.0,2024-07-15,7.26,clothing
5224,1021.0,2025-04-20,473.6,books
5225,1917.0,2023-11-19,84.15,clothing
5226,1412.0,2024-09-25,51.01,electronics
5227,1963.0,2024-06-03,60.02,electronics
5228,1880.0,2024-01-02,299.0,sports
5229,1612.0,2024-10-08,178.07,electronics
5230,1096.0,2025-09-13,230.75,home
5231,1697.0,2025-04-04,271.1,electronics
5232,1645.0,2024-06-16,234.26,clothing
5233,1944.0,2024-03-25,70.31,toys
5234,1978.0,2024-02-02,380.64,clothing
5235,1135.0,2024-02-24,249.94,toys
5236,1379.0,2025-07-15,264.29,toys
5237,1327.0,2025-08-16,140.94,clothing
5238,1546.0,2025-10-04,439.37,electronics
5239,1368.0,2025-08-18,288.82,electronics
5240,1264.0,2024-11-27,96.62,electronics
5241,1828.0,2024-09-07,67.12,electronics
5242,1701.0,2023-12-08,348.73,books
5243,1253.0,2025-05-17,368.9,toys
5244,1033.0,2024-04-05,364.36,home
5245,1783.0,2024-12-07,121.49,books
5246,1790.0,2024-10-03,184.62,sports
5247,1956.0,2024-07-17,435.62,sports
5249,1866.0,2025-02-26,275.61,electronics
5250,1832.0,2024-07-13,421.49,home
5251,1743.0,2025-07-01,317.73,books
5252,1724.0,2025-07-15,271.26,electronics
5253,1249.0,2025-05-21,350.22,clothing
5254,1288.0,2024-12-05,442.3,toys
5255,1473.0,2024-02-06,203.22,home
5256,1939.0,2024-10-03,151.41,clothing
5257,1292.0,2024-05-14,17.65,sports
5258,1320.0,2024-02-26,405.94,clothing
5259,1780.0,2025-04-18,185.35,home
5260,1316.0,2024-06-01,211.93,sports
5261,1909.0,2025-11-01,53.9,electronics
5262,1704.0,2025-02-07,64.36,clothing
5263,1685.0,2025-04-23,173.38,sports
5264,1834.0,2024-10-08,296.93,books
5265,1202.0,2025-01-01,360.62,sports
5266,1545.0,2025-07-20,387.54,books
5267,1154.0,2024-10-22,46.73,electronics
5268,1231.0,2025-03-19,136.22,electronics
5269,1111.0,2025-02-02,72.99,clothing
5270,1936.0,2023-12-31,435.23,books
5271,1666.0,2025-01-28,34.87,electronics
5272,1212.0,2025-01-12,96.43,electronics
5273,1106.0,2025-07-26,456.88,books
5274,1983.0,2025-01-18,366.31,sports
5276,1684.0,2024-10-23,84.26,clothing
5277,1082.0,2025-10-11,170.14,home
5278,1877.0,2023-11-15,428.19,books
5279,1490.0,2025-08-02,387.24,sports
5280,1021.0,2025-09-29,246.38,sports
5281,1965.0,2024-12-24,394.08,electronics
5282,1040.0,2024-03-03,63.98,electronics
5283,1757.0,2025-09-04,478.76,clothing
5284,1397.0,2025-08-10,412.84,clothing
5285,1369.0,2025-08-04,223.64,sports
5286,1287.0,2025-01-07,393.14,clothing
5287,1421.0,2025-08-19,302.08,clothing
5288,1371.0,2024-02-05,40.92,clothing
5289,1115.0,2025-01-25,483.21,electronics
5290,1291.0,2024-05-24,218.56,toys
5291,1737.0,2025-08-13,321.79,sports
5292,1785.0,2025-06-28,474.86,home
5293,1008.0,2024-12-21,471.51,home
5294,1634.0,2023-12-28,274.33,clothing
5295,1910.0,2024-01-30,152.43,electronics
5296,1397.0,2024-12-05,302.42,books
5298,1704.0,2025-04-24,406.1,clothing
5299,1265.0,2025-01-23,215.93,sports
5300,1694.0,2024-06-30,423.46,home
5301,1776.0,2025-06-16,254.94,sports
5302,1628.0,2024-11-23,254.88,clothing
5303,1695.0,2025-05-14,99.69,sports
5304,1284.0,2024-09-30,462.86,electronics
5305,1193.0,2025-09-18,29.31,electronics
5306,1503.0,2024-10-30,195.36,clothing
5307,1071.0,2025-06-14,,toys
5308,1200.0,2025-11-02,147.66,books
5309,1101.0,2024-02-06,386.46,sports
5310,1655.0,2025-09-16,367.39,books
5311,1313.0,2025-06-01,344.41,home
5312,1452.0,2025-09-05,386.31,clothing
5313,1816.0,2024-06-03,,clothing
5314,1539.0,2025-09-24,9.86,clothing
5315,1917.0,2024-11-27,435.31,home
5316,1901.0,2025-10-17,363.34,clothing
5317,1787.0,2024-10-18,146.81,toys
5318,1436.0,2024-11-21,477.16,electronics
5319,1751.0,2025-10-01,485.66,home
5320,1393.0,2024-08-07,450.83,books
5321,1098.0,2024-10-21,470.96,toys
5322,1507.0,2024-08-30,319.75,toys
5323,1776.0,2024-04-20,109.44,electronics
5324,1032.0,2024-04-20,153.96,clothing
5325,1472.0,2024-04-08,240.24,home
5326,1087.0,2024-06-29,146.94,clothing
5327,1350.0,2025-10-21,,home
5328,1727.0,2025-06-17,227.92,books
5329,1579.0,2025-03-18,51.63,toys
5330,1615.0,2025-09-05,100.66,home
5331,1037.0,2025-05-30,238.82,electronics
5332,1879.0,2025-01-25,279.25,toys
5333,1246.0,2024-06-10,404.15,electronics
5334,1838.0,2024-12-07,175.89,sports
5335,1009.0,2023-11-15,406.37,home
5336,1944.0,2025-08-09,76.2,electronics
5337,1562.0,2025-10-26,247.47,home
5338,1842.0,2024-06-24,251.1,books
5339,1679.0,2024-05-13,368.58,electronics
5340,1959.0,2025-03-25,257.81,books
5341,1322.0,2024-08-20,22.89,sports
5342,1838.0,2025-05-07,205.97,clothing
5343,1565.0,2024-11-17,276.59,toys
5344,1721.0,2024-08-18,307.95,sports
5345,1134.0,2024-08-27,368.52,toys
5346,1746.0,2025-09-04,102.04,books
5347,1899.0,2024-06-05,9.87,electronics
5348,1594.0,2023-11-24,321.04,sports
5349,1712.0,2025-05-03,376.84,books
5350,1212.0,2023-12-26,171.88,clothing
5352,1031.0,2025-09-17,205.1,books
5353,1827.0,2024-05-22,92.98,toys
5354,1360.0,2024-07-21,272.11,books
5355,1392.0,2025-08-12,6.36,home
5356,1021.0,2024-06-04,291.82,electronics
5357,1758.0,2024-03-01,336.54,books
5358,1997.0,2024-09-04,455.8,clothing
5359,1082.0,2024-03-21,458.47,toys
5360,1594.0,2025-03-23,72.48,home
5361,1601.0,2024-05-06,249.04,electronics
5362,1407.0,2025-09-08,270.69,home
5364,1521.0,2025-04-08,218.59,electronics
5365,1617.0,2025-01-19,234.99,clothing
5366,1939.0,2024-03-24,443.03,toys
5368,1875.0,2024-08-24,410.86,books
5369,1479.0,2025-10-12,109.89,toys
5370,1159.0,2024-11-20,152.79,toys
5372,1309.0,2024-08-06,195.31,toys
5374,1150.0,2024-07-18,159.52,home
5375,1737.0,2025-07-17,268.31,books
5376,1010.0,2024-02-24,447.02,clothing
5377,1342.0,2024-02-02,26.61,electronics
5378,1385.0,2025-08-15,491.13,electronics
5379,1103.0,2025-09-11,348.23,home
5380,1693.0,2024-08-05,17.23,clothing
5381,1234.0,2024-10-03,285.63,electronics
5382,1309.0,2024-11-29,432.11,home
5384,1957.0,2025-04-20,363.18,clothing
5385,1110.0,2025-04-12,369.38,clothing
5386,1517.0,2025-04-28,418.19,toys
5387,1435.0,2025-03-15,231.27,clothing
5388,1324.0,2024-06-27,193.15,clothing
5389,1969.0,2025-08-25,247.74,sports
5390,1416.0,2024-10-28,148.76,electronics
5391,1702.0,2024-08-14,495.75,books
5392,1018.0,2024-01-31,156.57,home
5393,1701.0,2024-02-10,297.02,electronics
5394,1120.0,2024-03-13,227.55,sports
5395,1077.0,2024-06-10,300.04,electronics
5396,1975.0,2024-09-24,,electronics
5397,1452.0,2024-04-04,412.18,toys
5398,1115.0,2024-11-03,57.72,toys
5399,1853.0,2025-08-16,395.71,sports
5400,1751.0,2025-08-06,169.24,sports
5401,1688.0,2024-12-12,39.69,clothing
5402,1709.0,2024-08-17,248.46,home
5403,1209.0,2024-03-22,180.03,home
5404,1709.0,2024-07-28,410.26,clothing
5405,1970.0,2024-10-26,372.23,toys
5406,1324.0,2025-08-20,409.33,toys
5407,1883.0,2024-02-24,83.02,electronics
5408,1209.0,2024-08-19,319.8,toys
5409,1308.0,2025-07-28,368.58,clothing
5411,1300.0,2025-02-12,175.95,toys
5412,1867.0,2025-02-23,119.21,toys
5413,1210.0,2025-04-29,153.64,books
5414,1159.0,2024-04-16,252.59,toys
5415,1785.0,2024-02-07,384.0,books
5416,1253.0,2024-04-04,179.17,clothing
5417,1492.0,2024-04-20,208.48,electronics
5418,1777.0,2023-11-15,134.49,clothing
5419,1719.0,2024-08-12,167.01,clothing
5420,1441.0,2024-11-19,213.32,home
5421,1666.0,2024-05-24,112.42,home
5422,1350.0,2025-11-03,301.01,toys
5423,1957.0,2025-09-15,387.21,sports
5424,1975.0,2025-01-07,379.81,sports
5425,1215.0,2024-12-10,307.39,toys
5426,1444.0,2024-04-25,151.53,sports
5427,1615.0,2024-11-04,446.53,sports
5428,1381.0,2025-08-04,42.43,sports
5429,1194.0,2025-02-04,288.73,electronics
5430,1235.0,2024-01-26,488.77,books
5431,1227.0,2024-09-07,286.67,sports
5432,1122.0,2024-02-13,271.39,clothing
5433,1290.0,2024-10-18,27.51,toys
5434,1715.0,2025-02-10,339.83,toys
5435,1871.0,2024-05-07,145.26,electronics
5436,1923.0,2025-03-20,139.48,sports
5437,1142.0,2024-03-06,234.74,clothing
5439,1091.0,2025-06-25,109.39,toys
5440,1396.0,2024-09-10,114.23,clothing
5441,1520.0,2024-11-07,377.17,toys
5442,1184.0,2024-04-08,13.34,home
5443,1167.0,2025-08-04,408.22,clothing
5444,1191.0,2024-09-11,441.39,electronics
5445,1242.0,2024-08-14,352.07,sports
5446,1897.0,2024-04-09,437.55,books
5447,1848.0,2025-05-18,424.98,electronics
5448,1106.0,2025-08-22,179.06,clothing
5449,1249.0,2025-02-25,379.7,sports
5450,1385.0,2023-11-19,60.02,home
5451,1012.0,2023-12-13,411.81,books
5452,1292.0,2024-05-11,8.52,toys
5453,1241.0,2025-07-19,197.68,home
5454,1303.0,2025-02-08,62.18,toys
5455,1861.0,2025-01-08,80.63,books
5456,1130.0,2024-04-08,401.36,books
5457,1193.0,2023-11-13,192.89,sports
5458,1516.0,2024-10-30,436.72,home
5459,1571.0,2024-03-20,425.41,sports
5460,1983.0,2024-08-17,200.31,books
5461,1452.0,2025-09-06,470.88,sports
5462,1788.0,2024-11-12,498.96,toys
5463,1924.0,2024-01-31,363.37,home
5464,1670.0,2025-01-03,142.06,electronics
5465,1825.0,2024-01-19,495.98,sports
5466,1896.0,2024-02-13,267.61,home
5467,1370.0,2024-12-18,167.71,electronics
5468,1578.0,2023-12-13,431.52,electronics
5469,1371.0,2024-02-17,325.05,sports
5470,1353.0,2024-10-07,405.99,home
5471,1093.0,2024-04-12,92.33,clothing
5472,1481.0,2024-10-18,39.23,toys
5473,1474.0,2025-10-20,77.61,clothing
5474,1027.0,2025-07-16,464.25,books
5475,1516.0,2024-09-17,459.23,clothing
5476,1356.0,2025-01-15,451.58,sports
5477,1421.0,2024-02-09,203.34,books
5478,1455.0,2025-07-14,228.44,clothing
5479,1395.0,2025-11-09,340.19,clothing
5480,1898.0,2024-05-09,403.15,books
5481,1069.0,2024-05-15,79.34,toys
5482,1869.0,2024-08-06,128.5,home
5483,1941.0,2025-05-19,407.15,sports
5484,1641.0,2024-05-16,143.24,books
5485,1294.0,2025-03-12,199.67,books
5486,1311.0,2025-10-04,394.36,toys
5487,1180.0,2025-01-06,231.37,home
5488,1176.0,2024-03-08,165.55,books
5489,1427.0,2023-12-17,299.83,toys
5490,1752.0,2023-12-10,71.29,clothing
5491,1799.0,2024-04-15,81.14,clothing
5492,1591.0,2024-11-30,355.25,home
5493,1705.0,2024-07-25,113.56,clothing
5494,1180.0,2025-02-19,297.58,home
5495,1441.0,2024-01-07,132.66,electronics
5496,1996.0,2025-05-31,157.43,books
5497,1926.0,2024-04-04,417.35,toys
5498,1441.0,2024-09-21,482.14,sports
5499,1202.0,2024-03-06,188.61,sports
5500,1741.0,2024-07-22,119.74,sports
5501,1244.0,2024-03-11,50.85,sports
5502,1983.0,2025-10-04,251.09,electronics
5503,1519.0,2024-04-13,147.56,toys
5504,1943.0,2024-09-17,136.27,sports
5505,1228.0,2023-12-06,151.95,home
5506,1887.0,2024-05-20,103.99,toys
5507,1555.0,2024-04-09,115.02,electronics
5508,1015.0,2024-10-14,331.86,clothing
5509,1755.0,2025-05-06,22.39,sports
5510,1642.0,2025-08-15,,clothing
5511,1455.0,2023-12-26,,toys
5512,1581.0,2024-03-19,28.18,toys
5513,1159.0,2024-02-14,238.1,sports
5514,1367.0,2023-12-18,197.29,toys
5515,1328.0,2025-02-27,413.22,electronics
5516,1140.0,2023-11-26,93.22,toys
5517,1942.0,2024-08-23,426.93,toys
5518,1084.0,2024-03-18,467.04,books
5519,1155.0,2024-06-17,169.31,sports
5520,1656.0,2024-03-27,55.51,sports
5521,1696.0,2024-06-26,484.52,home
5522,1268.0,2024-12-09,103.62,electronics
5523,1435.0,2024-03-24,6.18,home
5524,1227.0,2023-12-10,341.04,toys
5525,1871.0,2025-10-16,38.01,home
5526,1156.0,2025-07-18,242.45,sports
5527,1467.0,2024-05-26,51.7,clothing
5528,1810.0,2024-10-02,296.21,sports
5529,1006.0,2025-09-07,198.31,books
5530,1734.0,2025-02-26,83.17,toys
5531,1329.0,2025-08-14,305.07,toys
5532,1691.0,2025-03-12,264.22,toys
5533,1471.0,2025-10-27,26.97,clothing
5534,1230.0,2025-06-03,423.71,electronics
5535,1890.0,2025-05-17,381.06,sports
5536,1909.0,2024-03-25,169.74,sports
5537,1732.0,2025-09-04,301.28,clothing
5538,1900.0,2023-11-20,477.9,home
5539,1653.0,2024-01-07,477.77,clothing
5540,1106.0,2024-12-02,347.56,toys
5541,1301.0,2025-05-09,437.97,home
5542,1681.0,2024-11-16,204.81,clothing
5543,1067.0,2023-11-25,434.05,electronics
5544,1916.0,2025-08-07,313.38,toys
5545,1582.0,2023-12-24,455.06,books
5546,1239.0,2024-12-18,291.54,books
5547,1955.0,2025-09-09,73.43,sports
5548,1929.0,2024-04-17,13.84,toys
5549,1643.0,2025-05-19,307.21,toys
5550,1588.0,2024-12-25,199.81,sports
5551,1864.0,2024-05-13,441.75,sports
5552,1804.0,2024-09-07,134.99,sports
5554,1951.0,2025-04-19,222.46,books
5555,1220.0,2025-02-20,103.06,electronics
5556,1816.0,2025-04-03,325.21,sports
5557,1363.0,2024-07-11,250.97,home
5558,1916.0,2024-05-18,445.67,electronics
5559,1463.0,2025-11-05,400.28,toys
5560,1963.0,2024-05-06,78.35,toys
5561,1584.0,2024-05-11,420.07,sports
5562,1591.0,2023-12-12,425.02,electronics
5563,1899.0,2023-12-25,494.4,books
5564,1616.0,2025-07-27,291.89,electronics
5565,1825.0,2025-06-10,359.34,clothing
5566,1387.0,2025-04-17,261.08,electronics
5567,1970.0,2024-03-31,72.24,clothing
5568,1430.0,2025-01-20,78.53,electronics
5569,1458.0,2024-12-16,415.63,sports
5570,1171.0,2023-12-20,210.63,home
5571,1949.0,2025-09-24,391.86,books
5572,1773.0,2025-08-25,385.88,books
5573,1541.0,2025-05-15,418.37,toys
5574,1594.0,2024-03-16,291.43,sports
5575,1174.0,2025-09-20,107.65,clothing
5576,1832.0,2025-09-21,392.96,clothing
5577,1228.0,2025-06-05,430.09,books
5578,1837.0,2025-04-10,373.68,clothing
5579,1156.0,2024-03-21,109.73,clothing
5580,1603.0,2025-10-25,253.94,clothing
5581,1839.0,2025-06-25,385.63,clothing
5582,1952.0,2023-12-25,101.79,toys
5583,1950.0,2024-06-26,217.92,home
5584,1487.0,2024-01-19,136.2,sports
5585,1821.0,2024-08-26,354.74,electronics
5586,1509.0,2025-05-05,196.44,home
5587,1897.0,2024-10-19,379.84,sports
5588,1639.0,2025-06-15,181.57,toys
5589,1965.0,2024-03-21,54.77,books
5590,1514.0,2024-11-24,318.38,toys
5591,1311.0,2025-05-14,452.45,books
5592,1629.0,2023-12-10,434.05,home
5593,1955.0,2024-01-01,336.05,sports
5594,1604.0,2025-06-04,13.45,toys
5595,1909.0,2025-08-22,316.08,clothing
5596,1893.0,2023-11-22,208.89,electronics
5597,1084.0,2025-10-02,271.23,home
5598,1719.0,2025-06-28,266.47,books
5599,1555.0,2025-04-04,153.57,electronics
5600,1883.0,2024-10-05,169.05,sports
5601,1748.0,2025-02-16,349.63,books
5602,1841.0,2024-12-23,213.45,books
5603,1967.0,2025-07-16,201.41,books
5604,1048.0,2024-10-28,428.49,books
5605,1978.0,2023-12-11,149.37,clothing
5606,1123.0,2023-11-12,112.14,home
5607,1772.0,2024-08-04,147.73,electronics
5608,1765.0,2024-10-23,210.15,home
5609,1086.0,2024-09-02,81.81,clothing
5610,1810.0,2025-05-06,90.63,toys
5611,1199.0,2024-04-06,330.6,books
5612,1287.0,2025-03-07,95.04,toys
5613,1441.0,2024-12-17,250.54,home
5614,1374.0,2025-02-16,438.48,clothing
5615,1203.0,2024-12-14,355.27,sports
5616,1122.0,2024-02-09,492.98,home
5617,1649.0,2024-01-31,265.15,sports
5618,1888.0,2024-04-13,160.27,toys
5619,1041.0,2024-07-15,298.8,books
5620,1011.0,2025-06-28,454.09,toys
5621,1682.0,2025-09-04,203.19,books
5622,1601.0,2025-02-13,293.81,toys
5623,1384.0,2025-02-15,345.58,books
5624,1319.0,2024-11-13,29.58,clothing
5625,1700.0,2025-05-09,426.84,electronics
5626,1076.0,2024-01-04,310.38,toys
5627,1400.0,2024-02-23,434.55,books
5628,1180.0,2025-01-26,328.68,clothing
5629,1835.0,2024-11-17,90.55,electronics
5630,1003.0,2024-03-16,250.51,electronics
5631,1689.0,2024-12-12,407.14,sports
5632,1888.0,2025-03-30,133.28,toys
5633,1674.0,2023-12-03,198.88,books
5635,1179.0,2025-01-18,36.51,clothing
5636,1383.0,2024-07-03,466.13,books
5637,1710.0,2024-03-25,397.62,toys
5638,1605.0,2024-07-26,83.82,electronics
5639,1338.0,2025-08-27,183.92,electronics
5640,1210.0,2025-07-26,273.25,clothing
5641,1129.0,2025-09-26,296.0,toys
5643,1551.0,2023-12-16,207.01,home
5644,1145.0,2024-12-22,150.84,electronics
5645,1875.0,2025-11-07,417.34,home
5646,1621.0,2025-09-12,246.35,home
5647,1895.0,2024-09-24,300.54,home
5648,1408.0,2025-08-22,61.54,electronics
5649,1163.0,2025-09-26,16.56,sports
5650,1726.0,2024-06-23,197.1,clothing
5651,1680.0,2025-02-04,434.98,electronics
5652,1406.0,2025-10-09,164.68,clothing
5653,1107.0,2023-12-28,290.79,toys
5654,1202.0,2025-05-01,47.08,electronics
5656,1508.0,2024-08-14,101.93,books
5657,1191.0,2023-12-31,144.34,clothing
5658,1915.0,2024-09-25,144.35,toys
5659,1074.0,2024-12-30,97.84,clothing
5660,1591.0,2025-09-18,,home
5661,1325.0,2023-11-15,499.06,home
5662,1380.0,2024-04-08,109.36,clothing
5663,1899.0,2024-11-05,170.24,toys
5664,1804.0,2024-11-08,375.36,sports
5666,1292.0,2024-12-04,388.45,sports
5667,1542.0,2025-02-01,232.34,sports
5668,1804.0,2025-08-18,210.66,sports
5669,1292.0,2025-06-21,119.21,electronics
5670,1490.0,2024-08-29,160.91,home
5671,1288.0,2024-08-02,72.91,clothing
5672,1486.0,2025-09-26,,home
5673,1595.0,2025-09-16,457.75,electronics
5674,1917.0,2024-10-31,40.54,electronics
5675,1583.0,2025-06-01,123.6,sports
5676,1869.0,2025-04-25,416.67,toys
5677,1103.0,2025-11-01,333.22,sports
5678,1846.0,2025-10-15,237.4,clothing
5679,1912.0,2024-05-18,398.62,clothing
5680,1604.0,2024-04-22,456.29,toys
5681,1684.0,2024-10-28,432.35,home
5682,1164.0,2024-09-19,467.53,sports
5683,1686.0,2025-01-19,46.47,toys
5684,1036.0,2025-11-04,342.29,clothing
5685,1893.0,2024-04-25,20.37,toys
5686,1088.0,2025-07-07,494.79,books
5687,1769.0,2024-04-19,270.88,toys
5688,1669.0,2024-04-15,185.41,electronics
5689,1226.0,2024-08-24,356.69,sports
5690,1723.0,2024-08-23,430.18,electronics
5691,1275.0,2025-08-17,311.18,books
5692,1784.0,2024-08-03,383.61,sports
5693,1959.0,2025-08-19,202.69,books
5694,1570.0,2024-11-18,92.62,sports
5696,1506.0,2023-12-14,371.58,books
5697,1129.0,2025-01-02,492.07,home
5698,1642.0,2025-04-15,423.3,electronics
5699,1546.0,2025-04-02,429.18,sports
5700,1983.0,2025-07-22,378.0,books
5701,1883.0,2024-12-26,51.71,books
5702,1787.0,2024-12-24,337.91,home
5703,1482.0,2024-12-31,160.01,home
5704,1958.0,2025-01-01,52.93,clothing
5705,1799.0,2024-09-17,78.66,electronics
5706,1314.0,2023-12-12,285.36,books
5707,1278.0,2024-07-11,175.47,books
5708,1489.0,2024-04-02,348.73,electronics
5709,1870.0,2025-09-08,201.63,books
5710,1830.0,2024-09-13,30.98,toys
5711,1788.0,2024-03-05,453.03,electronics
5712,1979.0,2025-07-03,423.87,clothing
5713,1391.0,2024-01-09,24.59,toys
5714,1287.0,2025-06-24,482.88,clothing
5715,1810.0,2024-10-04,107.92,books
5716,1698.0,2024-01-26,29.03,home
5717,1648.0,2024-04-23,66.59,sports
5718,1265.0,2024-04-29,6.86,sports
5719,1351.0,2023-12-27,11.4,books
5720,1459.0,2025-09-16,200.98,toys
5721,1077.0,2024-01-26,318.07,electronics
5722,1271.0,2025-06-17,283.44,toys
5723,1309.0,2025-09-23,258.32,sports
5724,1907.0,2024-06-07,467.78,books
5725,1739.0,2025-10-22,178.4,home
5726,1255.0,2025-10-07,315.09,clothing
5727,1084.0,2025-01-08,446.16,sports
5728,1992.0,2024-09-12,62.86,home
5729,1657.0,2024-03-14,452.7,clothing
5731,1942.0,2025-07-22,81.42,electronics
5732,1950.0,2025-04-06,459.17,clothing
5733,1610.0,2025-03-22,287.83,clothing
5734,1311.0,2025-01-10,38.74,sports
5735,1501.0,2023-12-24,395.47,electronics
5736,1035.0,2023-12-18,66.37,home
5737,1440.0,2025-04-12,308.27,home
5738,1885.0,2024-08-01,267.45,books
5739,1419.0,2025-03-29,52.04,books
5740,1823.0,2025-04-15,15.31,books
5741,1601.0,2025-10-29,287.84,books
5742,1868.0,2025-09-09,5.06,clothing
5743,1429.0,2024-02-07,388.01,clothing
5744,1869.0,2024-09-25,38.21,clothing
5745,1838.0,2024-06-11,412.83,electronics
5746,1178.0,2025-08-04,406.29,sports
5748,1316.0,2025-10-29,266.85,books
5749,1842.0,2024-09-12,156.64,sports
5750,1053.0,2024-08-09,130.98,clothing
5751,1509.0,2025-02-23,200.03,clothing
5752,1087.0,2025-04-06,110.37,books
5753,1617.0,2025-04-02,478.72,books
5754,1564.0,2024-11-11,313.75,books
5755,1206.0,2025-05-31,304.47,sports
5756,1784.0,2023-12-08,59.73,toys
5757,1249.0,2024-04-25,151.1,electronics
5758,1764.0,2025-09-25,479.59,toys
5759,1699.0,2024-01-26,6.81,toys
5760,1072.0,2025-10-20,194.87,books
5761,1552.0,2025-08-29,400.79,sports
5762,1440.0,2024-01-13,39.84,home
5763,1562.0,2025-05-05,39.25,sports
5764,1034.0,2023-11-23,95.72,home
5765,1213.0,2024-09-13,139.97,home
5766,1171.0,2025-08-10,295.87,sports
5767,1802.0,2024-01-09,27.59,clothing
5768,1540.0,2025-01-12,103.83,electronics
5769,1062.0,2024-01-31,23.47,clothing
5770,1305.0,2025-05-08,390.61,electronics
5771,1662.0,2025-02-16,38.4,books
5772,1998.0,2025-04-15,41.95,books
5773,1778.0,2024-08-14,298.88,home
5774,1376.0,2024-10-16,164.58,clothing
5775,1921.0,2025-05-15,231.15,sports
5776,1694.0,2024-10-22,356.54,toys
5777,1513.0,2024-01-08,430.24,sports
5778,1986.0,2025-01-31,327.22,sports
5779,1119.0,2025-08-23,291.69,sports
5780,1174.0,2025-09-24,27.58,toys
5781,1710.0,2024-11-19,377.38,books
5783,1483.0,2024-01-04,199.13,clothing
5784,1803.0,2025-06-20,163.81,sports
5785,1781.0,2025-02-25,138.76,electronics
5787,1970.0,2025-05-25,172.7,books
5788,1427.0,2024-12-04,361.71,sports
5789,1811.0,2025-10-07,115.8,sports
5790,1840.0,2024-06-28,237.6,home
5791,1951.0,2025-07-18,456.9,toys
5792,1270.0,2024-04-12,346.11,electronics
5793,1319.0,2024-05-20,395.46,sports
5794,1346.0,2024-11-27,318.82,toys
5795,1397.0,2025-07-23,14.8,home
5796,1601.0,2025-05-13,490.94,clothing
5798,1827.0,2025-02-10,344.39,electronics
5799,1580.0,2025-07-22,469.33,home
5800,1405.0,2025-01-04,244.11,clothing
5801,1415.0,2024-03-12,116.63,toys
5802,1793.0,2025-01-30,140.95,sports
5803,1198.0,2025-07-24,431.74,electronics
5804,1002.0,2025-05-31,72.17,home
5805,1008.0,2025-10-03,254.31,toys
5806,1679.0,2025-04-21,252.71,electronics
5807,1639.0,2024-08-08,302.69,home
5808,1261.0,2025-04-22,204.39,toys
5809,1280.0,2024-07-11,321.51,electronics
5810,1215.0,2024-01-03,87.51,books
5811,1371.0,2025-05-29,471.07,clothing
5812,1924.0,2023-12-21,148.48,toys
5813,1795.0,2024-10-12,307.97,books
5814,1772.0,2025-10-13,242.67,books
5815,1019.0,2024-07-26,231.44,electronics
5816,1657.0,2025-06-24,432.77,clothing
5817,1212.0,2024-09-30,489.71,home
5818,1676.0,2024-04-30,117.68,toys
5819,1720.0,2024-08-15,498.61,books
5820,1427.0,2024-10-10,121.62,books
5821,1859.0,2024-09-19,193.16,sports
5822,1136.0,2025-03-22,5.18,sports
5823,1492.0,2024-07-01,91.13,books
5824,1761.0,2025-10-14,315.77,books
5825,1231.0,2023-11-25,162.33,sports
5826,1837.0,2024-02-06,480.14,toys
5827,1621.0,2025-01-21,29.86,clothing
5828,1697.0,2025-06-28,302.24,home
5829,1833.0,2023-12-13,236.43,electronics
5830,1887.0,2024-02-14,158.52,sports
5831,1395.0,2025-04-09,293.13,sports
5832,1190.0,2024-10-18,,electronics
5833,1245.0,2025-08-21,169.09,toys
5834,1315.0,2024-05-28,38.26,clothing
5835,1006.0,2025-08-30,162.38,toys
5836,1484.0,2024-09-02,338.58,sports
5837,1349.0,2024-05-20,231.53,sports
5838,1087.0,2024-10-19,352.69,books
5839,1075.0,2025-06-20,85.25,toys
5840,1968.0,2024-07-15,164.89,toys
5841,1879.0,2024-08-17,21.89,books
5842,1615.0,2025-06-30,233.21,electronics
5843,1478.0,2024-08-22,310.09,sports
5844,1430.0,2025-03-04,264.28,toys
5845,1617.0,2024-09-20,211.32,home
5846,1115.0,2023-12-22,94.55,sports
5847,1326.0,2025-10-25,19.32,toys
5848,1375.0,2025-02-26,250.7,sports
5849,1400.0,2024-04-25,216.84,electronics
5850,1308.0,2025-07-07,391.64,toys
5851,1122.0,2024-07-07,192.92,electronics
5852,1243.0,2024-12-14,146.54,sports
5853,1856.0,2024-10-13,435.78,clothing
5854,1016.0,2024-11-25,122.43,sports
5855,1719.0,2024-09-18,468.17,home
5856,1898.0,2025-10-14,148.74,clothing
5857,1091.0,2024-12-19,189.16,electronics
5858,1702.0,2024-01-02,25.4,electronics
5859,1345.0,2024-04-09,429.59,clothing
5860,1083.0,2024-11-05,292.83,electronics
5861,1925.0,2024-10-10,310.4,clothing
5862,1897.0,2025-02-25,441.55,toys
5863,1130.0,2025-07-07,328.39,toys
5864,1090.0,2024-05-05,268.66,toys
5865,1297.0,2024-12-28,161.23,home
5866,1538.0,2025-10-24,211.28,electronics
5867,1044.0,2024-07-09,317.94,clothing
5868,1882.0,2024-04-01,26.96,home
5869,1859.0,2025-01-09,385.31,home
5870,1822.0,2024-06-19,289.68,sports
5871,1228.0,2025-10-12,217.43,toys
5872,1770.0,2024-12-15,38.88,toys
5873,1322.0,2024-10-30,171.6,books
5874,1171.0,2025-01-04,466.16,electronics
5875,1867.0,2024-10-18,204.06,electronics
5876,1021.0,2025-09-14,189.4,electronics
5877,1374.0,2023-12-06,447.04,electronics
5879,1531.0,2024-08-18,191.97,electronics
5880,1606.0,2024-06-21,480.64,toys
5881,1024.0,2024-05-19,375.47,electronics
5882,1085.0,2024-05-14,115.16,clothing
5883,1720.0,2025-06-07,125.23,electronics
5884,1641.0,2024-11-09,116.15,clothing
5885,1529.0,2024-03-11,436.49,clothing
5886,1138.0,2024-05-04,82.07,toys
5887,1631.0,2025-07-17,351.35,toys
5888,1249.0,2025-04-30,361.89,electronics
5889,1055.0,2025-08-07,162.72,sports
5890,1918.0,2024-03-29,248.16,toys
5891,1633.0,2024-04-10,340.82,electronics
5892,1347.0,2025-04-30,296.61,electronics
5893,1882.0,2023-11-14,402.22,books
5894,1925.0,2025-08-13,30.97,electronics
5895,1395.0,2025-05-17,280.09,electronics
5896,1848.0,2024-05-08,291.12,sports
5897,1450.0,2025-03-12,387.05,toys
5898,1325.0,2023-12-14,181.41,sports
5899,1101.0,2025-11-06,108.84,books
5900,1991.0,2024-10-15,452.84,toys
5901,1254.0,2025-05-17,347.69,sports
5902,1079.0,2025-04-12,77.21,electronics
5903,1532.0,2024-02-05,291.04,clothing
5904,1757.0,2025-02-16,376.28,toys
5905,1551.0,2024-12-09,305.58,books
5906,1639.0,2024-11-06,364.48,home
5907,1238.0,2025-05-28,274.64,books
5908,1469.0,2024-09-23,496.45,sports
5909,1159.0,2024-01-26,187.17,toys
5910,1801.0,2024-09-05,64.89,toys
5911,1372.0,2025-04-08,485.86,sports
5912,1270.0,2024-12-23,15.92,books
5913,1234.0,2024-05-02,428.99,sports
5914,1368.0,2025-06-17,261.67,home
5915,1638.0,2024-08-13,152.46,home
5916,1087.0,2025-05-26,148.7,electronics
5917,1520.0,2024-10-18,299.4,electronics
5918,1048.0,2025-09-16,487.05,clothing
5919,1740.0,2025-05-26,490.12,clothing
5920,1097.0,2024-01-09,211.71,sports
5921,1730.0,2024-09-05,462.3,clothing
5922,1584.0,2024-07-22,437.75,electronics
5923,1186.0,2024-06-02,475.91,toys
5925,1131.0,2024-05-10,470.04,books
5926,1880.0,2024-01-31,492.25,clothing
5927,1843.0,2024-07-06,221.06,toys
5928,1458.0,2024-08-13,278.25,toys
5929,1319.0,2024-09-17,41.75,electronics
5930,1357.0,2024-06-01,474.13,toys
5931,1229.0,2025-05-23,237.89,electronics
5932,1918.0,2025-01-29,73.86,clothing
5933,1713.0,2025-03-14,190.04,toys
5934,1707.0,2023-12-11,420.22,home
5935,1230.0,2025-11-05,207.94,clothing
5936,1162.0,2024-07-26,300.48,home
5937,1859.0,2024-04-08,406.67,electronics
5938,1158.0,2024-10-06,53.13,sports
5939,1578.0,2024-06-12,274.47,toys
5940,1003.0,2024-08-03,216.97,home
5941,1809.0,2024-08-24,480.88,toys
5942,1083.0,2025-09-12,228.75,electronics
5943,1787.0,2024-08-15,265.91,books
5944,1826.0,2025-01-20,76.24,electronics
5945,1817.0,2024-05-23,,sports
5946,1968.0,2023-11-18,312.71,home
5947,1426.0,2024-01-14,77.34,home
5948,1024.0,2025-08-17,347.79,sports
5949,1524.0,2024-12-26,315.55,electronics
5950,1222.0,2024-12-21,8.57,toys
5951,1628.0,2025-03-08,99.93,toys
5952,1308.0,2025-02-12,235.36,books
5953,1402.0,2023-11-18,380.54,toys
5954,1985.0,2024-06-12,347.64,sports
5955,1418.0,2024-03-17,23.11,clothing
5956,1942.0,2024-06-07,199.33,home
5957,1548.0,2023-12-19,214.92,sports
5958,1725.0,2023-12-27,455.68,home
5959,1950.0,2025-09-16,241.58,sports
5960,1350.0,2025-11-07,23.69,books
5961,1527.0,2025-02-21,241.91,home
5962,1682.0,2024-11-22,432.61,electronics
5963,1425.0,2024-10-09,355.32,sports
5964,1256.0,2024-08-04,59.38,home
5965,1527.0,2025-04-26,10.78,electronics
5966,1952.0,2024-09-25,347.53,clothing
5967,1640.0,2024-07-31,283.73,books
5968,1867.0,2025-09-18,142.45,toys
5969,1276.0,2023-11-21,248.83,home
5970,1916.0,2025-04-06,21.86,sports
5971,1451.0,2024-01-31,148.02,sports
5972,1821.0,2024-10-25,442.03,books
5974,1815.0,2024-02-15,152.85,home
5975,1435.0,2025-06-23,45.31,toys
5976,1656.0,2025-10-27,251.59,books
5977,1847.0,2023-11-29,40.91,home
5978,1649.0,2025-01-06,412.74,books
5979,1582.0,2024-12-28,115.37,electronics
5980,1736.0,2024-07-14,49.46,clothing
5981,1126.0,2025-08-01,329.0,books
5982,1261.0,2025-06-09,230.52,clothing
5984,1308.0,2025-03-16,,home
5985,1906.0,2024-07-25,487.34,clothing
5986,1542.0,2024-01-08,150.46,home
5988,1586.0,2025-08-19,232.69,toys
5989,1549.0,2024-05-05,476.69,sports
5990,1865.0,2024-03-27,82.83,clothing
5991,1464.0,2024-10-29,340.84,books
5992,1663.0,2024-08-10,37.3,books
5993,1212.0,2024-02-08,435.69,clothing
5994,1886.0,2024-09-10,73.45,toys
5995,1684.0,2023-11-10,351.89,home
5996,1369.0,2024-10-24,395.85,clothing
5997,1439.0,2025-11-05,365.67,toys
5998,1766.0,2024-12-29,147.91,books
5999,1691.0,2025-04-09,270.32,sports
6000,1866.0,2024-02-12,385.28,home
6001,1859.0,2024-01-20,168.05,electronics
6002,1616.0,2024-08-21,223.43,clothing
6003,1691.0,2024-07-04,107.97,electronics
6004,1247.0,2024-07-27,244.91,home
6005,1767.0,2024-08-28,179.52,electronics
6006,1306.0,2024-11-20,401.33,electronics
6007,1019.0,2024-01-19,200.44,toys
6008,1900.0,2024-03-01,435.73,toys
6009,1053.0,2024-05-25,100.28,books
6010,1310.0,2025-03-07,77.39,home
6011,1809.0,2025-03-03,198.01,toys
6012,1071.0,2024-03-05,238.76,clothing
6013,1796.0,2024-04-24,327.12,home
6014,1881.0,2023-12-26,445.01,electronics
6015,1180.0,2024-09-18,414.7,home
6016,1399.0,2025-05-12,95.52,books
6017,1273.0,2025-03-17,176.32,clothing
6018,1373.0,2024-03-07,352.84,sports
6019,1395.0,2024-11-29,15.99,clothing
6020,1038.0,2024-03-31,9.06,sports
6021,1060.0,2023-11-26,209.11,books
6022,1065.0,2024-07-29,229.82,electronics
6023,1626.0,2024-04-22,308.74,books
6024,1063.0,2024-10-19,372.65,clothing
6025,1856.0,2024-08-03,126.6,electronics
6026,1908.0,2024-03-12,473.46,toys
6027,1554.0,2024-02-16,136.4,electronics
6028,1563.0,2025-10-12,194.88,home
6029,1207.0,2024-03-25,101.61,home
6030,1694.0,2024-11-19,26.38,sports
6031,1206.0,2025-07-01,121.4,toys
6033,1823.0,2025-08-21,267.17,electronics
6034,1146.0,2024-08-24,77.73,home
6035,1568.0,2024-07-24,257.3,home
6036,1344.0,2024-04-22,278.76,home
6037,1876.0,2024-06-18,64.16,toys
6038,1483.0,2024-01-27,264.84,electronics
6039,1741.0,2024-04-12,152.5,books
6040,1812.0,2025-02-19,385.8,toys
6041,1214.0,2024-08-29,447.8,clothing
6042,1943.0,2024-08-15,55.92,sports
6043,1534.0,2023-12-25,142.85,toys
6044,1439.0,2024-07-24,79.22,books
6045,1225.0,2025-08-27,308.08,clothing
6046,1441.0,2025-04-17,469.92,electronics
6048,1073.0,2024-09-27,313.55,toys
6049,1492.0,2024-08-22,487.12,electronics
6050,1916.0,2024-06-03,368.23,sports
6051,1208.0,2024-04-13,332.34,electronics
6052,1894.0,2024-04-19,496.27,sports
6053,1038.0,2024-08-02,265.43,home
6054,1737.0,2024-10-27,219.92,home
6055,1137.0,2025-01-13,222.17,home
6056,1686.0,2024-07-02,310.26,electronics
6057,1858.0,2023-11-14,156.41,home
6058,1001.0,2025-09-19,243.15,books
6059,1819.0,2025-03-09,216.21,home
6060,1677.0,2024-05-10,265.95,sports
6061,1932.0,2025-10-22,286.36,electronics
6062,1948.0,2024-05-06,173.17,sports
6063,1199.0,2024-07-19,179.81,electronics
6064,1961.0,2025-03-14,383.37,home
6065,1429.0,2024-04-22,178.72,books
6066,1805.0,2024-05-08,239.24,toys
6067,1844.0,2024-09-04,7.25,sports
6068,1083.0,2024-05-03,447.81,electronics
6069,1399.0,2024-11-09,279.49,toys
6070,1202.0,2024-12-31,279.98,toys
6071,1892.0,2024-05-29,14.43,toys
6072,1736.0,2024-03-06,303.12,toys
6073,1757.0,2025-07-19,125.03,toys
6074,1579.0,2025-02-26,427.09,home
6075,1647.0,2024-12-02,457.98,electronics
6076,1728.0,2024-08-13,474.12,books
6077,1209.0,2024-09-23,78.01,toys
6078,1103.0,2024-08-06,498.38,electronics
6079,1985.0,2024-05-15,413.16,books
6080,1912.0,2024-12-27,169.05,toys
6081,1366.0,2024-11-25,87.42,books
6082,1975.0,2024-11-18,273.08,electronics
6083,1960.0,2024-02-14,452.15,clothing
6084,1425.0,2024-01-18,153.88,books
6085,1672.0,2025-03-23,158.19,home
6086,1216.0,2025-01-15,72.28,sports
6087,1316.0,2025-06-27,249.52,books
6088,1938.0,2024-08-08,27.05,books
6089,1584.0,2025-05-21,367.55,home
6090,1270.0,2025-05-21,122.14,sports
6091,1259.0,2024-01-24,319.58,toys
6092,1656.0,2025-06-04,105.38,toys
6093,1155.0,2024-02-12,109.96,toys
6094,1053.0,2025-06-11,489.54,toys
6095,1195.0,2024-01-15,470.12,sports
6096,1393.0,2023-12-02,99.52,toys
6097,1857.0,2025-11-04,288.68,home
6098,1964.0,2025-09-01,113.27,toys
6099,1339.0,2025-04-26,185.46,clothing
6100,1148.0,2024-06-29,425.73,sports
6101,1673.0,2024-03-02,194.92,books
6102,1339.0,2025-08-11,189.77,electronics
6103,1836.0,2024-04-25,136.28,sports
6104,1589.0,2024-12-24,113.95,books
6105,1549.0,2025-01-09,179.4,toys
6106,1198.0,2025-05-22,18.43,books
6107,1919.0,2024-04-01,361.45,electronics
6108,1316.0,2025-04-02,233.61,clothing
6109,1652.0,2024-04-14,222.86,sports
6110,1114.0,2024-09-18,67.45,electronics
6111,1064.0,2025-11-06,189.4,sports
6112,1874.0,2024-07-23,81.86,toys
6113,1079.0,2024-07-19,347.59,books
6114,1082.0,2025-04-13,41.52,clothing
6115,1997.0,2024-05-13,212.16,electronics
6116,1183.0,2024-12-21,34.81,electronics
6117,1635.0,2024-12-29,213.82,electronics
6118,1084.0,2024-08-12,33.6,books
6119,1324.0,2025-03-29,486.86,toys
6120,1534.0,2025-08-09,376.86,clothing
6121,1840.0,2024-03-25,117.66,toys
6122,1754.0,2025-09-01,319.83,home
6123,1562.0,2024-07-06,482.24,clothing
6124,1783.0,2025-02-23,282.5,home
6125,1428.0,2024-05-17,327.8,electronics
6126,1105.0,2024-07-08,325.02,books
6127,1927.0,2025-07-07,93.61,toys
6128,1140.0,2025-03-15,212.23,clothing
6129,1009.0,2024-07-05,266.04,home
6130,1453.0,2024-09-20,297.85,clothing
6131,1345.0,2023-11-13,311.68,electronics
6132,1648.0,2025-05-16,198.79,sports
6133,1690.0,2025-03-19,,sports
6134,1763.0,2024-05-15,62.63,books
6135,1728.0,2025-01-28,431.63,clothing
6136,1912.0,2024-07-18,355.48,electronics
6137,1173.0,2024-06-10,493.38,clothing
6138,1281.0,2025-06-17,57.03,toys
6139,1381.0,2024-07-21,81.13,toys
6140,1499.0,2024-02-04,358.61,toys
6141,1064.0,2025-05-31,498.74,home
6143,1979.0,2024-12-26,486.84,books
6144,1365.0,2025-04-11,373.03,electronics
6145,1991.0,2025-09-26,260.52,electronics
6146,1475.0,2025-07-18,227.64,books
6147,1959.0,2025-02-14,250.13,sports
6148,1032.0,2025-03-29,73.49,toys
6149,1793.0,2024-04-19,488.86,toys
6150,1521.0,2024-01-15,112.58,toys
6151,1272.0,2023-12-24,99.33,sports
6152,1517.0,2024-07-25,276.38,clothing
6153,1464.0,2025-10-29,126.53,clothing
6154,1465.0,2025-07-08,433.38,books
6155,1830.0,2023-11-14,344.94,sports
6156,1232.0,2024-07-16,233.44,home
6157,1354.0,2023-11-20,21.42,sports
6158,1468.0,2024-10-17,71.13,books
6159,1317.0,2024-01-07,271.28,electronics
6160,1260.0,2025-09-21,240.25,books
6162,1533.0,2024-08-02,114.42,books
6163,1664.0,2024-10-03,252.94,clothing
6164,1391.0,2025-01-17,445.65,books
6165,1461.0,2023-12-12,328.5,home
6166,1894.0,2024-07-10,415.78,books
6167,1508.0,2024-09-03,145.52,sports
6168,1007.0,2025-10-06,472.0,electronics
6169,1942.0,2025-03-11,215.06,toys
6170,1063.0,2023-11-19,175.41,toys
6171,1962.0,2024-04-24,38.38,toys
6172,1406.0,2024-04-22,419.95,clothing
6174,1445.0,2024-10-18,72.52,home
6175,1682.0,2024-08-07,356.06,home
6176,1839.0,2025-01-04,213.29,electronics
6177,1964.0,2024-11-09,257.87,books
6178,1480.0,2024-03-19,86.62,books
6179,1158.0,2023-11-12,86.98,toys
6180,1925.0,2024-06-26,254.28,books
6181,1807.0,2025-10-14,481.05,books
6182,1305.0,2025-04-30,126.99,electronics
6183,1109.0,2025-10-24,146.51,clothing
6184,1741.0,2024-04-05,181.3,home
6185,1815.0,2024-12-07,40.98,sports
6186,1333.0,2024-09-18,438.33,electronics
6187,1494.0,2024-12-01,332.85,home
6188,1283.0,2024-08-04,284.25,electronics
6189,1802.0,2025-08-12,123.67,books
6190,1023.0,2024-01-24,146.86,toys
6191,1836.0,2025-06-28,167.39,sports
6192,1264.0,2024-02-07,495.28,toys
6193,1595.0,2024-01-13,169.28,toys
6194,1170.0,2025-06-02,349.46,books
6195,1792.0,2024-11-25,197.82,clothing
6196,1422.0,2024-01-30,158.75,toys
6197,1300.0,2024-06-04,228.49,home
6198,1338.0,2024-03-20,21.12,electronics
6199,1355.0,2025-08-18,72.65,clothing
6200,1919.0,2024-03-27,340.24,sports
6201,1712.0,2025-04-14,412.56,clothing
6202,1942.0,2025-06-30,493.89,sports
6203,1533.0,2024-04-19,465.35,toys
6204,1190.0,2024-02-25,317.13,books
6205,1057.0,2024-04-13,358.81,electronics
6206,1241.0,2025-07-30,264.46,clothing
6207,1897.0,2024-11-09,159.34,toys
6208,1705.0,2025-04-05,220.84,toys
6209,1203.0,2025-01-06,348.07,clothing
6210,1257.0,2025-03-29,372.88,clothing
6211,1747.0,2025-09-09,118.17,books
6212,1250.0,2024-03-29,499.14,toys
6214,1573.0,2023-12-09,177.18,clothing
6215,1110.0,2024-07-31,22.55,electronics
6216,1156.0,2024-08-22,68.56,home
6217,1305.0,2025-06-30,402.1,books
6218,1359.0,2024-05-03,380.87,home
6219,1729.0,2025-01-03,117.04,home
6220,1258.0,2025-02-19,377.88,toys
6221,1539.0,2025-07-13,,sports
6222,1810.0,2025-04-18,319.84,clothing
6223,1366.0,2024-10-31,425.28,books
6224,1763.0,2023-12-07,256.24,books
6225,1864.0,2024-12-24,283.02,toys
6226,1986.0,2025-10-02,220.07,clothing
6227,1290.0,2025-09-26,178.47,sports
6228,1875.0,2024-10-15,67.25,toys
6229,1164.0,2025-03-22,351.84,books
6230,1480.0,2024-06-02,487.84,clothing
6231,1429.0,2025-11-06,341.94,home
6232,1559.0,2025-04-07,365.57,electronics
6233,1617.0,2024-02-02,74.58,sports
6234,1500.0,2025-05-10,272.94,electronics
6235,1852.0,2025-04-19,289.21,electronics
6236,1336.0,2023-11-12,401.03,books
6237,1957.0,2025-08-21,432.17,electronics
6238,1488.0,2024-10-17,446.03,home
6239,1906.0,2024-07-06,196.84,toys
6240,1041.0,2025-02-16,184.77,sports
6241,1153.0,2024-08-11,98.8,electronics
6242,1612.0,2024-02-05,73.43,electronics
6243,1047.0,2023-12-03,424.47,home
6244,1487.0,2025-04-01,130.1,books
6245,1121.0,2024-01-05,31.54,home
6246,1527.0,2024-12-28,46.25,sports
6247,1186.0,2024-01-08,431.61,books
6248,1075.0,2024-01-28,249.01,books
6249,1433.0,2024-04-26,464.62,books
6250,1915.0,2025-09-11,330.91,clothing
6251,1047.0,2025-07-02,346.08,sports
6252,1031.0,2025-04-06,448.15,toys
6253,1751.0,2025-08-19,99.42,clothing
6254,1809.0,2023-11-12,86.84,books
6257,1012.0,2024-09-16,74.26,books
6258,1818.0,2024-09-05,439.01,clothing
6259,1019.0,2025-06-14,31.29,toys
6260,1300.0,2024-11-02,420.07,home
6261,1319.0,2024-11-01,281.0,home
6262,1650.0,2024-04-13,412.39,sports
6263,1183.0,2024-06-21,135.94,electronics
6264,1625.0,2025-05-03,136.86,toys
6265,1938.0,2024-11-15,133.32,books
6266,1187.0,2025-08-18,359.93,electronics
6267,1684.0,2024-05-04,84.68,books
6268,1239.0,2025-04-07,185.38,electronics
6269,1917.0,2025-01-17,273.01,home
6270,1269.0,2025-06-01,166.93,electronics
6271,1870.0,2024-12-12,41.92,sports
6272,1496.0,2024-07-29,323.34,clothing
6273,1325.0,2025-04-21,103.64,electronics
6274,1854.0,2024-03-26,473.91,electronics
6275,1823.0,2025-02-20,40.9,toys
6276,1091.0,2024-07-08,455.51,electronics
6277,1949.0,2024-07-06,287.61,home
6278,1913.0,2024-05-27,151.55,books
6279,1487.0,2025-03-21,422.61,electronics
6280,1620.0,2025-04-19,394.64,books
6281,1191.0,2024-08-01,492.0,clothing
6282,1989.0,2024-03-17,93.27,electronics
6283,1388.0,2024-05-04,98.87,books
6284,1418.0,2025-02-25,107.22,clothing
6285,1176.0,2025-09-29,133.27,clothing
6286,1691.0,2024-03-31,247.21,home
6287,1587.0,2024-05-11,192.63,clothing
6288,1052.0,2024-10-01,259.52,home
6290,1980.0,2024-02-20,277.89,sports
6291,1508.0,2024-07-26,65.02,books
6292,1985.0,2025-09-22,414.84,clothing
6293,1529.0,2025-06-01,258.71,sports
6294,1376.0,2024-10-02,153.68,clothing
6295,1150.0,2024-09-09,243.71,toys
6296,1191.0,2024-09-01,88.54,home
6297,1259.0,2024-12-11,115.72,books
6298,1993.0,2024-07-26,434.53,home
6299,1105.0,2024-03-20,136.52,toys
6300,1626.0,2024-07-04,294.28,home
6301,1775.0,2023-11-22,261.83,books
6302,1769.0,2024-09-14,435.53,books
6304,1237.0,2024-08-05,361.28,clothing
6305,1574.0,2025-04-25,472.24,books
6306,1780.0,2023-12-29,342.12,home
6307,1641.0,2025-07-05,440.92,home
6308,1802.0,2025-10-16,286.4,home
6309,1461.0,2024-09-27,296.37,home
6310,1937.0,2025-09-09,322.73,toys
6311,1660.0,2025-03-06,84.26,books
6312,1485.0,2025-08-07,349.7,books
6313,1771.0,2025-11-07,93.14,electronics
6314,1090.0,2024-08-23,119.25,toys
6315,1589.0,2024-01-14,151.73,clothing
6316,1596.0,2025-09-13,53.9,clothing
6317,1790.0,2024-11-18,246.06,electronics
6318,1256.0,2024-01-29,94.12,toys
6319,1047.0,2023-12-03,410.57,books
6320,1487.0,2023-11-29,263.62,home
6321,1746.0,2025-10-18,8.75,books
6322,1451.0,2025-05-02,14.1,toys
6323,1067.0,2025-04-15,399.15,home
6324,1659.0,2025-02-07,72.94,toys
6325,1043.0,2024-06-03,205.61,home
6326,1086.0,2024-05-18,359.98,books
6327,1909.0,2025-01-23,483.3,clothing
6328,1589.0,2024-01-01,453.47,books
6330,1607.0,2024-04-02,323.94,electronics
6331,1052.0,2025-02-17,319.22,sports
6332,1341.0,2024-01-26,63.16,electronics
6333,1305.0,2024-07-02,342.45,electronics
6334,1227.0,2024-02-29,180.83,books
6335,1898.0,2024-12-03,253.95,electronics
6336,1516.0,2024-08-26,487.54,home
6337,1531.0,2024-01-28,71.47,sports
6339,1735.0,2025-06-12,162.75,toys
6340,1320.0,2024-12-01,354.81,toys
6341,1102.0,2025-04-15,422.9,clothing
6342,1147.0,2025-10-11,35.43,toys
6343,1430.0,2024-04-06,6.5,sports
6344,1087.0,2023-11-16,334.88,sports
6345,1766.0,2025-01-10,231.26,home
6346,1508.0,2024-02-16,139.45,toys
6347,1362.0,2025-05-29,107.49,toys
6348,1026.0,2024-06-03,31.47,clothing
6349,1985.0,2024-06-24,363.46,home
6350,1708.0,2025-05-12,274.52,clothing
6351,1178.0,2025-04-07,148.51,home
6352,1905.0,2024-11-06,341.61,books
6353,1323.0,2025-09-14,331.18,books
6354,1312.0,2024-04-19,70.45,books
6355,1345.0,2025-04-15,284.97,books
6356,1378.0,2024-05-26,25.24,clothing
6357,1320.0,2025-07-19,399.96,books
6358,1903.0,2024-07-23,228.6,sports
6359,1289.0,2025-09-13,283.88,electronics
6360,1712.0,2024-09-13,145.27,electronics
6361,1463.0,2025-02-21,245.79,books
6362,1816.0,2024-04-28,194.79,books
6363,1679.0,2024-12-02,214.71,books
6364,1802.0,2024-12-09,268.24,sports
6365,1941.0,2023-12-16,372.63,home
6366,1896.0,2025-08-18,176.35,electronics
6367,1932.0,2024-01-21,93.97,home
6368,1707.0,2025-03-02,383.67,home
6369,1127.0,2023-12-26,186.61,books
6370,1889.0,2024-08-07,437.97,sports
6371,1571.0,2025-01-21,262.8,toys
6372,1642.0,2024-05-12,409.5,clothing
6373,1538.0,2025-03-08,155.09,home
6374,1373.0,2025-04-11,279.21,electronics
6375,1350.0,2025-04-26,404.15,clothing
6376,1488.0,2025-09-25,49.07,clothing
6377,1567.0,2024-12-15,332.58,toys
6378,1199.0,2025-06-23,29.48,toys
6379,1968.0,2025-07-31,144.7,clothing
6380,1492.0,2023-12-03,136.15,clothing
6381,1698.0,2025-10-28,391.69,home
6382,1743.0,2023-11-24,114.6,sports
6383,1811.0,2024-10-06,436.79,home
6384,1160.0,2024-11-01,289.47,clothing
6386,1893.0,2024-04-18,316.37,sports
6387,1528.0,2023-12-04,345.87,clothing
6388,1322.0,2024-03-09,241.95,electronics
6389,1033.0,2025-04-01,151.62,books
6390,1220.0,2024-03-22,266.11,sports
6391,1743.0,2024-12-02,322.31,clothing
6392,1859.0,2024-04-28,196.64,home
6393,1502.0,2024-03-07,56.72,toys
6394,1224.0,2025-08-04,13.6,electronics
6395,1216.0,2024-05-18,248.36,electronics
6396,1963.0,2025-06-17,211.08,books
6397,1354.0,2024-12-31,69.81,electronics
6398,1630.0,2025-05-06,286.04,books
6399,1199.0,2025-03-13,433.09,electronics
6400,1859.0,2024-04-30,403.95,electronics
6401,1731.0,2024-05-01,297.84,toys
6402,1211.0,2025-05-07,219.57,toys
6403,1610.0,2025-03-08,129.32,clothing
6404,1503.0,2025-07-16,174.93,toys
6405,1097.0,2025-05-10,353.29,home
6407,1308.0,2025-09-03,482.31,clothing
6408,1615.0,2025-05-15,197.83,clothing
6409,1960.0,2024-08-30,104.47,books
6410,1696.0,2024-12-11,246.07,toys
6411,1081.0,2024-07-18,143.38,sports
6412,1967.0,2023-12-15,324.32,electronics
6413,1217.0,2025-02-21,471.41,books
6414,1756.0,2024-11-26,269.23,books
6415,1192.0,2024-03-11,489.88,sports
6416,1382.0,2025-02-15,381.12,toys
6417,1818.0,2024-09-04,244.47,sports
6418,1019.0,2025-01-05,346.92,sports
6419,1883.0,2025-08-09,40.95,books
6420,1255.0,2025-06-25,376.66,books
6421,1353.0,2025-02-06,185.29,home
6422,1905.0,2024-04-02,284.74,books
6423,1430.0,2025-06-04,362.24,clothing
6424,1111.0,2025-10-06,339.58,home
6425,1550.0,2025-06-20,14.18,electronics
6426,1461.0,2024-03-26,403.72,clothing
6427,1507.0,2025-11-08,107.34,books
6428,1891.0,2025-06-21,241.08,toys
6429,1232.0,2024-03-15,88.97,books
6430,1756.0,2024-12-09,82.22,home
6431,1224.0,2025-09-02,190.14,toys
6432,1447.0,2024-02-13,175.42,books
6433,1731.0,2024-01-19,50.25,books
6434,1859.0,2024-08-09,53.21,toys
6435,1895.0,2025-11-09,203.61,electronics
6436,1128.0,2024-01-12,464.02,sports
6437,1315.0,2024-12-10,335.1,books
6438,1850.0,2025-08-07,237.89,home
6439,1116.0,2025-08-09,436.64,toys
6440,1184.0,2025-01-19,132.24,sports
6441,1839.0,2023-12-07,449.15,electronics
6442,1337.0,2025-01-18,176.38,books
6443,1123.0,2024-03-27,125.62,books
6444,1772.0,2025-02-13,57.48,books
6445,1009.0,2024-05-04,312.29,home
6446,1302.0,2025-03-30,13.14,toys
6447,1617.0,2025-01-04,162.29,toys
6448,1376.0,2025-06-07,121.43,home
6449,1791.0,2024-03-05,34.32,home
6450,1331.0,2024-12-05,396.06,toys
6451,1035.0,2024-02-02,192.73,toys
6452,1674.0,2024-11-25,63.53,electronics
6454,1166.0,2025-09-20,373.51,books
6455,1771.0,2024-04-17,196.74,sports
6456,1611.0,2024-07-25,472.78,books
6457,1835.0,2024-06-22,13.19,clothing
6458,1698.0,2025-04-20,14.64,toys
6459,1089.0,2024-06-01,155.42,sports
6460,1621.0,2023-12-10,115.54,electronics
6461,1040.0,2025-01-17,324.64,electronics
6462,1041.0,2024-12-12,337.44,clothing
6463,1597.0,2024-06-15,453.24,books
6464,1765.0,2024-05-22,417.68,sports
6465,1276.0,2024-08-06,250.19,electronics
6466,1160.0,2023-12-08,456.05,sports
6467,1930.0,2023-12-03,422.02,toys
6468,1908.0,2025-08-31,13.17,toys
6469,1255.0,2025-08-14,482.3,electronics
6470,1228.0,2024-07-08,404.33,electronics
6471,1099.0,2025-06-28,391.39,clothing
6472,1442.0,2023-12-11,383.79,clothing
6473,1704.0,2025-02-14,482.51,sports
6474,1258.0,2025-02-25,469.32,home
6475,1412.0,2024-03-23,215.57,electronics
6476,1570.0,2025-05-20,291.89,books
6477,1626.0,2023-11-26,239.88,clothing
6478,1166.0,2023-12-23,142.22,toys
6479,1976.0,2024-12-11,386.7,home
6480,1221.0,2024-10-03,364.86,home
6481,1856.0,2025-10-07,265.36,home
6482,1915.0,2024-08-05,23.91,home
6483,1174.0,2024-10-29,91.79,electronics
6484,1899.0,2024-02-01,307.42,toys
6485,1483.0,2025-08-08,92.59,toys
6486,1100.0,2025-03-30,354.26,home
6487,1423.0,2024-08-22,401.73,books
6488,1359.0,2024-02-07,442.51,books
6489,1890.0,2025-10-07,64.07,books
6490,1097.0,2024-09-09,185.32,sports
6491,1558.0,2025-02-19,367.21,books
6492,1931.0,2024-10-09,402.37,home
6493,1698.0,2024-11-14,123.29,clothing
6494,1015.0,2024-12-24,330.63,books
6495,1846.0,2024-02-01,227.83,books
6496,1894.0,2025-09-12,80.91,home
6497,1056.0,2024-09-04,64.95,home
6498,1862.0,2024-08-18,322.14,electronics
6499,1360.0,2024-07-17,252.38,books
6500,1205.0,2025-01-03,183.66,toys
6501,1191.0,2025-03-24,239.34,electronics
6502,1925.0,2023-11-26,143.5,sports
6503,1598.0,2025-02-22,145.8,electronics
6504,1347.0,2024-08-20,86.75,toys
6505,1020.0,2024-08-17,352.26,electronics
6506,1544.0,2023-12-15,92.75,books
6507,1995.0,2024-09-16,140.25,electronics
6508,1595.0,2025-04-24,498.44,electronics
6510,1816.0,2025-10-17,374.81,sports
6511,1770.0,2024-09-09,355.46,electronics
6512,1539.0,2023-12-04,398.75,clothing
6513,1056.0,2024-03-22,,home
6514,1813.0,2025-03-03,223.72,sports
6515,1738.0,2025-07-03,381.13,clothing
6516,1123.0,2024-06-22,315.2,electronics
6517,1047.0,2024-04-28,99.51,home
6518,1843.0,2025-08-25,441.91,books
6519,1371.0,2023-11-22,63.11,sports
6521,1329.0,2024-07-05,327.14,books
6522,1035.0,2024-03-31,234.63,clothing
6523,1312.0,2024-08-09,346.2,home
6524,1694.0,2024-05-02,395.61,books
6525,1868.0,2024-05-20,482.17,home
6526,1488.0,2025-08-07,472.76,clothing
6527,1153.0,2024-12-24,489.9,clothing
6528,1569.0,2025-07-15,,home
6529,1519.0,2024-04-05,304.11,sports
6530,1763.0,2024-09-03,416.21,clothing
6531,1319.0,2024-03-03,393.54,sports
6532,1367.0,2025-07-06,449.2,clothing
6533,1228.0,2025-02-26,175.21,home
6534,1413.0,2025-01-26,12.75,home
6535,1183.0,2024-09-17,217.79,electronics
6536,1344.0,2025-09-20,238.0,sports
6537,1384.0,2024-10-19,72.45,books
6538,1593.0,2025-08-13,350.74,home
6539,1447.0,2023-12-19,215.98,toys
6540,1416.0,2025-09-18,228.61,sports
6541,1079.0,2024-03-17,320.45,electronics
6542,1874.0,2025-09-04,468.99,clothing
6543,1687.0,2024-09-10,74.0,electronics
6544,1555.0,2025-03-09,108.97,electronics
6545,1830.0,2024-09-10,229.13,books
6546,1349.0,2025-07-16,244.48,clothing
6547,1037.0,2024-04-13,209.9,clothing
6548,1663.0,2023-11-23,79.26,books
6549,1737.0,2024-09-14,289.97,clothing
6550,1717.0,2024-09-06,276.9,clothing
6551,1885.0,2024-01-27,118.6,toys
6552,1594.0,2024-04-11,387.32,home
6553,1420.0,2024-11-12,301.05,home
6554,1948.0,2024-02-25,413.68,home
6555,1793.0,2025-06-14,157.8,electronics
6557,1504.0,2025-10-27,326.17,clothing
6558,1687.0,2024-10-22,139.37,books
6559,1933.0,2024-06-30,171.95,books
6560,1496.0,2024-04-29,41.17,toys
6561,1106.0,2025-10-06,116.33,sports
6562,1156.0,2025-03-20,277.82,sports
6563,1384.0,2024-04-06,105.91,books
6564,1383.0,2025-10-11,289.29,books
6565,1026.0,2024-10-11,360.33,books
6566,1613.0,2025-06-25,135.97,electronics
6567,1161.0,2025-07-28,422.58,sports
6568,1925.0,2024-11-08,162.92,clothing
6569,1555.0,2025-09-11,56.53,clothing
6570,1774.0,2025-07-26,105.58,toys
6571,1354.0,2024-10-27,383.24,home
6572,1985.0,2024-01-02,154.05,clothing
6574,1107.0,2025-01-12,262.63,sports
6575,1228.0,2024-10-02,26.14,electronics
6576,1224.0,2025-01-14,109.45,clothing
6577,1580.0,2025-06-16,62.19,books
6578,1366.0,2025-06-17,158.96,books
6579,1643.0,2025-08-20,291.03,sports
6581,1733.0,2024-08-07,498.19,clothing
6582,1669.0,2025-01-18,490.21,sports
6583,1784.0,2025-09-22,118.74,sports
6584,1917.0,2025-10-15,388.13,sports
6585,1110.0,2024-12-18,216.98,toys
6586,1473.0,2023-12-05,69.16,books
6587,1948.0,2024-08-30,48.36,home
6588,1139.0,2024-01-29,372.37,toys
6589,1445.0,2024-11-22,112.35,toys
6591,1811.0,2024-02-12,389.55,home
6592,1975.0,2024-02-20,87.97,electronics
6593,1321.0,2023-12-18,200.3,books
6594,1115.0,2024-10-12,238.8,sports
6596,1666.0,2025-06-25,238.06,books
6597,1559.0,2025-07-06,43.17,books
6598,1123.0,2025-10-31,253.9,books
6599,1236.0,2025-09-23,396.9,books
6600,1541.0,2024-10-04,403.66,clothing
6601,1244.0,2024-04-21,26.32,clothing
6602,1146.0,2024-05-04,64.3,home
6603,1871.0,2025-07-22,187.1,home
6604,1797.0,2025-05-13,111.13,home
6605,1401.0,2025-06-22,351.78,books
6606,1907.0,2025-03-06,64.91,home
6607,1161.0,2024-09-07,254.75,electronics
6608,1970.0,2025-04-05,341.79,books
6609,1172.0,2025-04-05,307.76,books
6610,1949.0,2024-03-02,62.36,electronics
6611,1719.0,2024-10-24,80.31,clothing
6612,1223.0,2024-05-27,167.04,toys
6613,1054.0,2024-07-18,398.49,sports
6614,1070.0,2025-10-29,178.51,home
6615,1884.0,2025-08-28,173.8,books
6617,1072.0,2024-06-06,69.92,toys
6618,1029.0,2025-07-24,233.99,sports
6619,1360.0,2025-04-11,54.06,toys
6620,1422.0,2023-12-03,17.3,books
6621,1210.0,2025-06-23,265.44,books
6622,1978.0,2024-02-07,409.33,clothing
6623,1314.0,2024-02-27,294.51,toys
6624,1174.0,2025-06-14,208.77,home
6625,1810.0,2025-02-10,427.41,books
6626,1191.0,2024-07-14,273.91,electronics
6627,1224.0,2024-11-02,403.97,sports
6628,1827.0,2024-07-12,25.02,books
6629,1066.0,2024-03-22,181.86,home
6630,1302.0,2025-02-04,34.15,books
6631,1688.0,2025-03-29,351.58,sports
6632,1686.0,2024-11-19,7.99,home
6633,1352.0,2024-01-20,162.19,books
6634,1770.0,2025-11-02,306.65,toys
6635,1959.0,2025-01-30,246.16,home
6636,1014.0,2024-01-04,46.51,clothing
6637,1822.0,2024-08-07,122.0,home
6638,1271.0,2024-09-01,144.64,home
6639,1412.0,2024-06-01,404.4,electronics
6640,1994.0,2024-02-04,472.96,books
6641,1840.0,2024-07-18,236.52,books
6642,1250.0,2024-05-03,271.57,home
6643,1122.0,2024-02-18,286.64,clothing
6644,1052.0,2025-08-03,296.2,books
6645,1610.0,2023-11-17,307.68,toys
6646,1249.0,2024-07-05,489.25,books
6647,1441.0,2025-03-21,482.98,electronics
6648,1624.0,2024-12-19,416.05,clothing
6649,1436.0,2025-04-30,387.11,home
6650,1404.0,2024-02-18,176.06,toys
6651,1500.0,2025-07-10,233.05,home
6652,1893.0,2024-05-03,218.5,clothing
6653,1660.0,2024-07-22,,electronics
6654,1129.0,2023-12-23,225.17,clothing
6655,1367.0,2024-02-24,432.65,electronics
6656,1423.0,2024-12-12,376.86,home
6657,1572.0,2025-10-27,423.86,sports
6658,1036.0,2025-01-26,303.26,electronics
6659,1129.0,2024-08-31,326.14,clothing
6660,1997.0,2024-10-30,297.47,electronics
6661,1180.0,2024-10-20,44.05,toys
6662,1077.0,2025-10-04,349.32,books
6663,1900.0,2025-07-16,213.63,books
6664,1533.0,2025-11-05,448.52,toys
6665,1335.0,2025-04-21,107.2,clothing
6666,1283.0,2025-03-03,94.22,electronics
6667,1215.0,2024-07-11,118.5,toys
6668,1859.0,2025-03-17,62.32,home
6669,1500.0,2024-08-13,230.16,clothing
6670,1942.0,2025-07-17,144.96,clothing
6671,1301.0,2024-11-13,57.32,clothing
6672,1518.0,2025-06-16,348.5,sports
6673,1113.0,2023-12-12,236.8,toys
6674,1514.0,2024-07-20,147.22,electronics
6675,1110.0,2025-04-24,298.27,books
6676,1448.0,2025-01-11,370.41,books
6677,1131.0,2025-07-22,288.96,books
6678,1247.0,2025-09-16,248.43,clothing
6679,1615.0,2025-05-18,122.68,books
6680,1642.0,2024-06-04,131.55,sports
6681,1266.0,2024-11-20,147.4,toys
6682,1358.0,2025-05-27,92.17,books
6683,1080.0,2025-04-26,48.71,clothing
6684,1184.0,2024-06-14,344.3,sports
6685,1671.0,2025-01-29,337.21,clothing
6686,1545.0,2025-10-07,33.44,books
6687,1800.0,2023-12-02,216.03,clothing
6688,1442.0,2024-07-12,393.63,electronics
6689,1359.0,2023-12-22,46.7,clothing
6690,1100.0,2024-12-18,70.85,clothing
6691,1494.0,2025-05-02,334.63,sports
6692,1311.0,2025-01-30,114.71,clothing
6693,1407.0,2025-02-10,158.05,clothing
6694,1956.0,2024-12-25,75.07,home
6695,1493.0,2024-12-29,319.44,clothing
6696,1024.0,2025-09-06,251.41,toys
6697,1242.0,2025-09-29,400.46,books
6698,1651.0,2024-07-20,379.44,sports
6699,1755.0,2024-08-09,125.0,clothing
6700,1269.0,2024-01-23,440.05,toys
6701,1684.0,2025-01-10,75.34,electronics
6702,1549.0,2024-12-27,354.64,clothing
6703,1659.0,2024-08-06,391.59,home
6704,1714.0,2025-03-05,379.49,toys
6705,1824.0,2025-09-18,460.59,electronics
6706,1150.0,2023-11-16,,home
6707,1961.0,2024-03-14,426.98,sports
6708,1780.0,2024-12-17,278.44,books
6709,1416.0,2025-01-26,172.37,books
6710,1822.0,2024-05-05,62.97,toys
6711,1229.0,2024-12-13,361.49,home
6712,1014.0,2024-10-02,147.13,books
6713,1068.0,2024-08-24,357.71,clothing
6714,1878.0,2024-01-25,85.86,electronics
6715,1548.0,2025-03-02,237.13,books
6716,1325.0,2024-09-03,116.9,clothing
6717,1036.0,2024-04-15,249.24,clothing
6718,1384.0,2024-02-10,194.41,books
6719,1130.0,2025-02-22,402.3,books
6720,1977.0,2024-01-06,375.47,home
6721,1777.0,2025-04-16,488.72,books
6722,1673.0,2024-01-12,249.48,books
6723,1816.0,2025-07-11,204.94,home
6724,1832.0,2025-03-23,466.77,books
6725,1721.0,2024-12-15,39.15,books
6726,1263.0,2024-07-05,342.83,electronics
6727,1203.0,2025-01-23,274.04,sports
6728,1436.0,2024-06-24,464.02,books
6729,1127.0,2025-06-03,367.9,sports
6730,1074.0,2025-10-24,134.54,electronics
6731,1238.0,2024-10-03,237.45,toys
6732,1772.0,2024-12-14,143.29,toys
6733,1315.0,2024-08-29,84.06,toys
6734,1888.0,2024-01-20,357.48,clothing
6735,1287.0,2024-05-14,430.77,sports
6736,1721.0,2023-11-13,496.74,toys
6737,1351.0,2025-01-20,66.97,clothing
6738,1690.0,2025-03-15,303.24,electronics
6739,1376.0,2025-06-22,219.75,electronics
6740,1107.0,2025-05-07,105.28,home
6741,1649.0,2025-09-30,166.68,toys
6742,1492.0,2023-12-11,19.36,books
6743,1161.0,2025-03-01,498.62,books
6744,1057.0,2024-08-09,20.26,home
6745,1994.0,2025-08-18,419.93,toys
6746,1153.0,2024-02-12,6.16,clothing
6747,1243.0,2024-08-13,104.39,sports
6748,1851.0,2025-09-28,81.54,toys
6750,1450.0,2025-06-04,397.44,toys
6751,1450.0,2024-03-27,156.57,clothing
6752,1535.0,2024-08-29,38.01,toys
6753,1189.0,2024-05-17,90.34,toys
6754,1394.0,2024-11-28,348.1,home
6755,1026.0,2025-10-02,320.78,toys
6756,1616.0,2024-02-14,239.88,electronics
6757,1936.0,2024-11-06,123.78,books
6758,1192.0,2024-12-07,226.17,toys
6759,1420.0,2024-03-11,480.84,clothing
6760,1180.0,2025-04-07,449.0,clothing
6761,1177.0,2024-07-29,317.42,home
6762,1341.0,2024-04-23,105.85,clothing
6763,1531.0,2024-12-26,29.03,electronics
6764,1069.0,2023-12-06,130.0,clothing
6765,1279.0,2025-01-19,472.37,home
6766,1337.0,2024-05-18,90.41,home
6767,1487.0,2024-09-14,61.79,electronics
6768,1827.0,2025-02-25,406.36,electronics
6769,1807.0,2024-06-03,175.95,home
6770,1401.0,2024-04-28,53.01,sports
6771,1259.0,2024-12-30,342.92,electronics
6772,1652.0,2024-04-20,271.44,toys
6773,1831.0,2025-09-17,275.69,sports
6774,1273.0,2024-01-17,193.36,toys
6775,1001.0,2025-10-30,150.13,home
6776,1768.0,2025-03-27,171.7,books
6777,1953.0,2023-11-24,249.57,toys
6778,1630.0,2024-10-17,370.31,toys
6779,1822.0,2023-11-13,52.04,clothing
6780,1728.0,2025-05-16,20.48,toys
6781,1833.0,2024-05-31,14.56,home
6782,1456.0,2024-11-12,302.61,home
6783,1504.0,2025-03-21,78.33,electronics
6784,1639.0,2025-02-11,314.67,home
6785,1056.0,2024-06-19,216.79,books
6786,1161.0,2025-03-10,83.97,home
6787,1448.0,2025-02-08,36.88,electronics
6788,1627.0,2023-12-13,341.0,sports
6789,1745.0,2024-08-11,119.13,clothing
6790,1841.0,2024-04-27,484.95,electronics
6791,1525.0,2025-06-21,268.39,toys
6792,1004.0,2024-04-06,469.61,electronics
6793,1091.0,2023-11-15,117.13,home
6794,1185.0,2024-10-20,453.9,electronics
6795,1406.0,2024-02-13,434.47,books
6796,1945.0,2024-04-25,122.84,toys
6797,1330.0,2024-06-30,246.87,clothing
6798,1527.0,2024-09-17,12.49,sports
6799,1882.0,2024-12-28,341.83,home
6800,1784.0,2024-10-30,26.69,electronics
6802,1004.0,2024-12-24,39.17,toys
6803,1213.0,2024-11-19,17.34,clothing
6804,1145.0,2024-12-14,384.54,sports
6805,1193.0,2024-02-02,322.89,sports
6806,1750.0,2024-05-16,96.75,electronics
6807,1067.0,2025-03-25,474.69,sports
6808,1753.0,2024-09-09,86.18,clothing
6809,1343.0,2024-01-16,107.09,clothing
6810,1812.0,2024-03-05,385.9,books
6811,1792.0,2025-08-04,486.27,sports
6812,1986.0,2025-02-14,370.64,clothing
6813,1905.0,2024-05-30,426.05,clothing
6814,1219.0,2024-06-02,305.77,electronics
6815,1967.0,2025-06-05,404.39,sports
6816,1647.0,2024-11-29,169.22,toys
6817,1273.0,2025-06-16,427.09,toys
6818,1154.0,2025-08-16,462.44,toys
6819,1456.0,2024-02-22,105.97,sports
6820,1825.0,2024-12-01,300.1,sports
6821,1228.0,2024-05-22,397.41,books
6822,1314.0,2025-01-11,85.24,sports
6823,1258.0,2025-04-02,445.67,electronics
6824,1103.0,2024-12-07,191.62,toys
6825,1049.0,2024-05-30,22.29,clothing
6826,1971.0,2025-10-11,237.65,toys
6827,1601.0,2023-11-27,78.94,books
6828,1522.0,2024-01-20,435.2,toys
6830,1525.0,2024-08-03,46.58,home
6831,1810.0,2025-01-02,353.56,sports
6832,1561.0,2024-03-13,345.27,books
6833,1635.0,2025-03-13,333.45,clothing
6834,1690.0,2023-12-14,180.11,sports
6835,1082.0,2024-08-19,144.44,sports
6836,1564.0,2024-11-28,283.53,clothing
6837,1693.0,2025-02-11,346.39,sports
6838,1987.0,2024-10-25,131.88,sports
6839,1744.0,2024-09-11,270.83,electronics
6840,1092.0,2025-04-17,94.99,electronics
6841,1847.0,2024-12-08,36.13,books
6842,1319.0,2024-11-30,416.05,toys
6843,1470.0,2025-01-15,289.33,toys
6844,1704.0,2024-10-05,478.56,toys
6845,1272.0,2025-03-10,218.93,toys
6846,1534.0,2024-05-25,59.42,clothing
6847,1220.0,2024-07-03,466.32,toys
6848,1801.0,2025-06-21,449.65,toys
6849,1964.0,2025-02-13,427.49,toys
6850,1631.0,2025-03-20,125.66,toys
6851,1878.0,2025-07-16,131.29,home
6852,1010.0,2024-01-11,238.6,clothing
6853,1935.0,2025-03-07,73.84,sports
6855,1684.0,2025-03-02,402.3,home
6856,1935.0,2025-04-29,268.89,electronics
6857,1616.0,2025-09-06,72.93,toys
6858,1615.0,2025-03-07,290.29,clothing
6859,1727.0,2025-08-23,309.76,sports
6860,1727.0,2025-10-03,259.88,toys
6861,1619.0,2023-12-20,168.99,toys
6862,1252.0,2024-02-01,401.5,home
6863,1935.0,2024-08-03,102.63,clothing
6864,1624.0,2025-08-02,240.93,toys
6865,1203.0,2024-07-07,102.57,toys
6866,1290.0,2025-09-17,11.79,clothing
6867,1410.0,2024-08-09,378.66,electronics
6868,1858.0,2023-12-19,289.42,sports
6869,1568.0,2025-10-01,114.04,clothing
6870,1364.0,2025-04-06,138.63,electronics
6871,1274.0,2024-09-14,34.14,clothing
6872,1424.0,2025-11-02,456.01,clothing
6873,1498.0,2025-09-09,61.37,books
6874,1209.0,2025-01-13,303.03,clothing
6875,1121.0,2024-10-19,9.25,books
6876,1164.0,2024-10-12,468.0,clothing
6877,1813.0,2024-05-26,397.51,clothing
6878,1322.0,2024-01-10,288.63,electronics
6879,1512.0,2025-10-19,241.58,clothing
6880,1947.0,2024-04-14,173.16,clothing
6881,1382.0,2024-02-13,235.17,books
6882,1211.0,2025-03-28,103.15,sports
6883,1269.0,2024-10-16,54.98,home
6884,1216.0,2025-05-11,363.01,electronics
6885,1676.0,2025-01-29,211.56,sports
6886,1078.0,2024-04-10,193.39,books
6887,1477.0,2025-05-07,460.54,electronics
6888,1324.0,2025-07-04,93.32,home
6889,1954.0,2024-01-25,296.21,clothing
6890,1782.0,2023-11-12,199.06,home
6891,1772.0,2024-07-30,41.22,electronics
6892,1511.0,2023-11-24,423.66,electronics
6893,1555.0,2024-08-20,157.88,electronics
6894,1429.0,2024-06-13,269.54,clothing
6895,1545.0,2024-07-25,256.89,books
6896,1607.0,2024-03-16,300.8,clothing
6897,1383.0,2023-11-25,239.78,books
6898,1471.0,2025-05-26,455.31,electronics
6899,1977.0,2023-11-13,413.17,electronics
6900,1545.0,2024-12-03,216.7,toys
6901,1846.0,2024-11-14,294.74,home
6902,1363.0,2025-02-19,24.85,electronics
6903,1883.0,2024-10-29,319.6,sports
6904,1291.0,2023-11-12,332.49,toys
6905,1212.0,2025-02-01,207.19,books
6906,1667.0,2024-04-23,479.55,books
6907,1617.0,2025-03-14,428.7,clothing
6908,1345.0,2024-02-21,459.88,sports
6909,1501.0,2024-10-27,271.29,toys
6910,1099.0,2025-06-26,455.81,books
6911,1112.0,2025-08-17,145.04,electronics
6912,1248.0,2024-07-16,468.03,clothing
6913,1744.0,2024-12-10,321.99,electronics
6914,1016.0,2024-10-11,267.7,home
6915,1673.0,2023-12-12,23.28,toys
6916,1249.0,2025-02-06,488.15,sports
6917,1967.0,2025-07-29,225.56,toys
6918,1665.0,2023-12-04,409.11,books
6919,1855.0,2025-05-18,259.55,clothing
6920,1497.0,2023-12-01,218.06,toys
6921,1655.0,2025-07-05,323.93,electronics
6922,1375.0,2025-01-25,430.96,sports
6923,1470.0,2024-07-30,369.82,sports
6924,1850.0,2025-02-07,47.19,books
6925,1931.0,2024-10-28,310.37,home
6926,1234.0,2025-10-25,408.66,toys
6927,1962.0,2025-08-18,416.24,sports
6928,1665.0,2025-05-26,204.44,sports
6929,1823.0,2024-05-30,128.84,books
6930,1574.0,2025-04-30,361.44,home
6931,1309.0,2024-10-05,466.45,toys
6932,1213.0,2024-04-29,392.89,books
6933,1477.0,2024-07-28,57.37,electronics
6934,1293.0,2025-10-09,140.26,electronics
6935,1932.0,2024-09-02,420.19,books
6936,1075.0,2025-04-28,368.66,toys
6937,1247.0,2024-04-19,24.02,clothing
6938,1965.0,2024-11-21,209.48,home
6939,1796.0,2024-07-04,454.59,books
6940,1687.0,2024-02-12,376.36,home
6941,1716.0,2025-07-04,109.52,electronics
6942,1302.0,2025-08-05,399.57,clothing
6943,1577.0,2025-05-25,494.58,clothing
6944,1090.0,2025-04-05,38.25,home
6945,1701.0,2024-05-27,180.49,books
6946,1373.0,2023-12-01,63.51,sports
6947,1430.0,2024-09-17,35.39,electronics
6948,1782.0,2024-01-13,101.76,electronics
6949,1176.0,2024-04-26,485.07,toys
6950,1626.0,2024-01-11,313.59,books
6951,1030.0,2024-06-05,244.07,home
6952,1205.0,2023-12-25,241.6,books
6953,1739.0,2025-02-03,287.55,sports
6954,1286.0,2024-03-20,287.22,sports
6956,1037.0,2025-10-02,351.21,electronics
6957,1302.0,2024-02-05,443.99,toys
6958,1214.0,2024-10-13,280.48,home
6959,1699.0,2024-06-05,242.09,sports
6960,1045.0,2024-05-19,287.06,books
6961,1176.0,2025-05-17,13.36,home
6962,1280.0,2024-03-05,461.62,sports
6963,1731.0,2025-09-29,230.47,home
6964,1041.0,2024-07-05,464.51,sports
6965,1555.0,2025-09-09,491.77,books
6966,1211.0,2025-04-26,144.15,toys
6967,1164.0,2024-07-14,27.0,books
6968,1290.0,2024-08-09,233.15,clothing
6969,1424.0,2024-08-06,60.71,clothing
6970,1846.0,2025-09-01,238.81,home
6971,1277.0,2024-01-08,50.4,toys
6972,1696.0,2025-08-19,388.18,clothing
6973,1470.0,2024-11-11,218.93,electronics
6974,1228.0,2025-10-29,167.45,home
6975,1015.0,2024-07-30,489.41,toys
6976,1952.0,2024-01-16,482.13,home
6977,1984.0,2025-07-13,113.66,electronics
6978,1918.0,2024-10-05,26.87,books
6979,1856.0,2024-06-20,364.42,sports
6980,1570.0,2024-07-20,79.25,clothing
6981,1040.0,2024-04-10,462.18,electronics
6982,1999.0,2024-06-18,82.26,sports
6983,1949.0,2024-09-25,454.82,toys
6984,1642.0,2025-09-10,112.93,home
6985,1800.0,2024-11-15,235.25,toys
6986,1837.0,2024-07-26,480.0,books
6987,1483.0,2024-05-30,294.02,sports
6988,1103.0,2025-04-27,33.65,books
6989,1231.0,2025-02-19,472.97,sports
6990,1859.0,2025-04-30,37.28,books
6991,1427.0,2024-03-10,428.0,books
6992,1426.0,2025-05-09,219.35,books
6993,1515.0,2024-05-03,69.42,clothing
6994,1830.0,2024-02-14,292.42,home
6995,1372.0,2023-12-04,52.88,toys
6996,1382.0,2025-03-10,311.79,electronics
6997,1211.0,2025-10-22,294.84,clothing
6998,1365.0,2024-03-31,355.53,books
6999,1605.0,2024-08-04,219.9,clothing
7000,1778.0,2025-08-13,309.42,electronics
7001,1371.0,2024-07-09,432.15,toys
7002,1403.0,2025-10-02,465.39,home
7003,1403.0,2023-11-11,277.62,home
7004,1393.0,2023-12-15,444.87,clothing
7005,1897.0,2025-09-27,93.71,home
7006,1102.0,2025-02-28,296.72,clothing
7007,1035.0,2025-05-23,198.78,sports
7008,1658.0,2024-01-31,437.14,clothing
7009,1751.0,2025-02-05,10.44,sports
7010,1585.0,2025-04-19,48.1,toys
7011,1467.0,2024-11-05,206.86,clothing
7012,1718.0,2024-12-15,443.37,electronics
7013,1281.0,2025-07-21,10.48,clothing
7014,1878.0,2025-07-16,467.8,books
7015,1475.0,2024-09-05,81.2,books
7016,1128.0,2025-10-22,129.67,electronics
7017,1859.0,2024-12-14,235.81,sports
7018,1453.0,2024-07-28,198.0,toys
7019,1216.0,2024-04-28,90.5,books
7020,1750.0,2024-03-10,68.45,electronics
7021,1242.0,2025-08-17,206.43,books
7022,1527.0,2025-05-16,384.98,books
7023,1260.0,2024-09-29,43.57,electronics
7024,1556.0,2025-09-09,350.58,electronics
7025,1256.0,2024-07-04,16.05,books
7026,1056.0,2024-02-11,23.75,home
7027,1069.0,2025-10-30,378.48,books
7028,1296.0,2024-03-24,247.04,home
7029,1260.0,2024-07-31,407.23,home
7030,1495.0,2025-04-30,157.6,home
7031,1080.0,2025-01-15,66.42,toys
7032,1640.0,2025-05-21,352.36,clothing
7033,1017.0,2024-09-30,175.25,sports
7034,1122.0,2025-10-22,480.73,clothing
7035,1026.0,2024-03-19,277.41,home
7036,1277.0,2025-10-04,394.91,books
7037,1755.0,2024-04-24,276.72,books
7038,1856.0,2024-01-18,411.98,clothing
7039,1501.0,2025-01-14,240.08,sports
7040,1591.0,2024-02-10,280.07,clothing
7041,1893.0,2024-09-07,118.06,sports
7042,1895.0,2025-09-15,70.7,sports
7043,1992.0,2025-01-09,82.38,books
7044,1994.0,2024-03-21,282.64,electronics
7045,1459.0,2023-12-09,352.41,toys
7046,1445.0,2025-10-23,322.81,home
7047,1864.0,2025-04-01,470.06,clothing
7048,1372.0,2024-03-11,419.44,home
7049,1424.0,2024-01-02,109.57,home
7051,1070.0,2025-01-23,258.28,home
7052,1490.0,2025-05-22,153.85,books
7053,1278.0,2025-10-05,490.39,electronics
7055,1412.0,2024-08-17,364.17,sports
7056,1319.0,2024-02-07,421.3,electronics
7057,1285.0,2025-09-21,165.13,sports
7058,1712.0,2025-01-25,196.7,home
7059,1719.0,2025-08-10,173.15,home
7060,1371.0,2024-03-30,21.33,sports
7061,1181.0,2024-06-13,173.45,toys
7062,1357.0,2025-04-12,178.42,electronics
7063,1380.0,2024-12-05,238.2,books
7064,1430.0,2024-05-31,292.51,clothing
7065,1665.0,2023-11-22,149.3,electronics
7066,1716.0,2024-01-27,343.84,clothing
7067,1882.0,2025-02-17,107.96,electronics
7068,1360.0,2025-02-23,355.87,clothing
7069,1598.0,2024-07-21,387.62,electronics
7070,1080.0,2024-07-15,443.62,toys
7071,1353.0,2025-07-07,147.83,electronics
7072,1637.0,2025-05-17,328.61,sports
7073,1702.0,2024-02-02,51.0,electronics
7074,1803.0,2025-08-30,478.98,books
7075,1181.0,2024-07-08,123.39,home
7076,1439.0,2024-11-26,200.46,toys
7077,1241.0,2025-07-18,94.99,home
7078,1728.0,2025-08-16,494.09,toys
7079,1663.0,2024-08-18,389.87,books
7080,1483.0,2024-04-21,119.9,books
7081,1325.0,2024-10-15,254.52,electronics
7082,1946.0,2024-08-24,421.63,sports
7083,1195.0,2024-12-17,166.56,toys
7084,1826.0,2025-08-14,62.44,books
7085,1105.0,2025-05-29,69.13,clothing
7086,1218.0,2024-12-09,276.5,sports
7087,1790.0,2024-01-08,88.08,electronics
7088,1137.0,2024-07-09,311.27,clothing
7089,1043.0,2025-10-11,167.13,toys
7091,1904.0,2024-11-23,488.77,electronics
7092,1979.0,2023-11-13,93.56,home
7093,1810.0,2023-12-11,70.73,home
7094,1581.0,2024-12-08,258.94,clothing
7095,1417.0,2024-07-04,264.38,books
7096,1899.0,2025-04-04,315.41,books
7097,1173.0,2023-11-17,107.25,books
7098,1342.0,2024-04-01,216.33,sports
7099,1032.0,2024-12-02,71.58,clothing
7100,1236.0,2024-04-06,441.28,clothing
7101,1927.0,2025-09-30,70.62,books
7102,1788.0,2024-01-19,259.86,sports
7103,1607.0,2024-06-18,298.24,sports
7104,1640.0,2024-08-31,243.98,books
7105,1005.0,2025-09-25,400.32,clothing
7106,1157.0,2025-11-01,257.3,toys
7107,1049.0,2024-06-16,415.75,toys
7108,1947.0,2023-11-20,115.25,home
7109,1793.0,2024-02-21,373.25,sports
7110,1061.0,2024-05-25,96.8,toys
7111,1574.0,2025-05-01,495.22,home
7113,1841.0,2024-11-27,381.64,home
7114,1272.0,2025-06-02,17.66,clothing
7115,1055.0,2024-09-27,488.44,toys
7116,1407.0,2025-03-26,,books
7117,1255.0,2024-07-30,344.05,toys
7118,1775.0,2024-03-08,392.8,electronics
7119,1499.0,2024-08-30,49.08,electronics
7120,1653.0,2025-02-04,487.07,sports
7121,1505.0,2024-04-03,465.91,toys
7122,1442.0,2025-04-29,307.38,sports
7123,1491.0,2025-02-20,404.19,sports
7124,1233.0,2025-01-04,94.13,home
7125,1304.0,2024-07-11,272.26,electronics
7126,1654.0,2024-04-09,479.76,clothing
7127,1209.0,2025-04-03,443.81,electronics
7128,1959.0,2024-02-10,230.08,clothing
7129,1560.0,2025-04-14,498.27,home
7130,1275.0,2024-07-06,39.29,electronics
7131,1172.0,2024-02-16,402.52,toys
7132,1299.0,2024-08-15,350.27,clothing
7133,1088.0,2024-09-13,193.07,clothing
7134,1179.0,2024-02-05,471.24,books
7135,1674.0,2024-07-04,499.64,sports
7136,1466.0,2024-02-23,398.36,sports
7137,1846.0,2025-09-03,474.41,sports
7138,1535.0,2024-03-10,127.68,home
7139,1187.0,2024-12-10,106.43,toys
7140,1755.0,2024-07-22,290.71,toys
7141,1539.0,2024-11-17,296.56,books
7143,1321.0,2024-05-16,160.47,sports
7145,1027.0,2023-11-14,492.85,home
7146,1383.0,2023-12-31,342.26,home
7147,1459.0,2025-02-26,312.25,sports
7148,1650.0,2025-05-29,463.96,electronics
7149,1424.0,2024-01-15,240.03,clothing
7150,1294.0,2025-01-14,384.09,clothing
7151,1608.0,2025-06-01,96.85,books
7152,1037.0,2025-02-09,475.62,home
7153,1876.0,2024-03-29,396.52,clothing
7155,1555.0,2025-01-15,356.29,toys
7156,1671.0,2023-12-23,141.39,books
7157,1893.0,2024-08-14,57.91,toys
7158,1269.0,2025-10-21,179.72,electronics
7159,1986.0,2023-11-10,93.23,toys
7160,1556.0,2024-08-07,196.48,toys
7161,1395.0,2023-12-30,292.87,home
7162,1713.0,2023-12-14,167.58,sports
7163,1201.0,2024-03-22,,toys
7164,1491.0,2025-09-02,36.43,sports
7165,1058.0,2024-01-21,206.95,electronics
7166,1238.0,2024-12-08,296.36,electronics
7168,1575.0,2025-02-05,353.25,clothing
7169,1733.0,2024-11-30,202.84,toys
7170,1803.0,2024-01-07,114.63,toys
7171,1041.0,2024-11-22,408.35,toys
7172,1460.0,2024-09-22,459.73,home
7173,1661.0,2025-05-12,272.07,electronics
7174,1808.0,2023-11-19,233.75,clothing
7175,1695.0,2024-04-20,165.92,sports
7176,1829.0,2025-07-13,263.57,clothing
7177,1253.0,2024-12-21,222.44,home
7179,1317.0,2025-09-07,255.16,sports
7180,1080.0,2025-04-03,30.31,books
7181,1887.0,2024-08-06,201.08,books
7182,1046.0,2025-07-22,176.52,toys
7183,1795.0,2024-11-14,47.08,clothing
7184,1030.0,2025-05-11,76.59,clothing
7185,1876.0,2025-09-11,329.61,clothing
7186,1104.0,2025-02-18,248.28,toys
7187,1113.0,2025-02-06,342.25,books
7188,1033.0,2024-01-03,233.2,clothing
7189,1329.0,2023-12-29,407.88,home
7191,1219.0,2024-07-27,376.14,books
7192,1314.0,2025-07-10,331.85,sports
7193,1415.0,2024-08-01,10.13,books
7194,1942.0,2024-01-16,376.95,clothing
7195,1065.0,2024-04-23,156.75,clothing
7196,1147.0,2025-03-16,244.11,home
7197,1498.0,2024-03-15,408.46,books
7198,1723.0,2024-01-11,242.01,electronics
7199,1752.0,2025-09-11,24.26,sports
7200,1937.0,2025-09-14,103.56,books
7201,1752.0,2025-10-12,479.68,sports
7202,1899.0,2025-02-23,103.99,home
7203,1569.0,2024-04-22,431.54,toys
7204,1582.0,2025-07-19,259.29,clothing
7205,1088.0,2025-06-21,297.62,sports
7206,1317.0,2024-07-12,255.92,books
7207,1389.0,2025-08-09,304.4,books
7208,1233.0,2024-05-17,462.18,home
7209,1544.0,2025-10-23,407.0,sports
7210,1181.0,2024-07-09,434.01,books
7211,1666.0,2025-04-01,180.43,toys
7212,1826.0,2024-04-24,139.62,home
7213,1943.0,2025-02-26,230.23,books
7214,1228.0,2024-07-20,456.63,sports
7215,1323.0,2024-02-27,369.58,sports
7216,1059.0,2025-04-01,19.44,sports
7217,1993.0,2024-10-13,358.61,books
7218,1905.0,2025-08-18,167.42,electronics
7219,1723.0,2025-10-25,386.55,sports
7220,1233.0,2025-07-03,256.87,books
7221,1191.0,2024-10-08,486.47,home
7222,1958.0,2024-03-04,21.05,clothing
7223,1568.0,2024-07-02,486.03,electronics
7224,1172.0,2025-01-01,446.37,books
7225,1048.0,2025-07-20,140.87,toys
7226,1602.0,2024-11-07,99.11,home
7227,1399.0,2025-03-25,393.52,sports
7228,1501.0,2024-10-09,8.57,clothing
7229,1103.0,2025-01-24,145.5,home
7230,1461.0,2024-03-20,154.13,toys
7231,1421.0,2025-04-14,363.04,electronics
7232,1447.0,2024-10-01,69.42,clothing
7233,1509.0,2025-10-13,216.34,clothing
7234,1895.0,2025-04-29,88.76,clothing
7235,1831.0,2025-04-28,258.66,sports
7236,1535.0,2025-11-05,6.38,toys
7237,1979.0,2023-12-19,74.02,sports
7238,1965.0,2025-01-04,57.89,home
7239,1451.0,2023-12-24,304.12,electronics
7240,1394.0,2024-12-04,173.97,home
7241,1361.0,2024-05-18,299.58,electronics
7242,1857.0,2024-05-12,440.88,sports
7243,1045.0,2024-06-04,29.75,books
7244,1348.0,2024-01-13,485.72,home
7245,1306.0,2024-01-27,337.94,home
7246,1088.0,2023-11-24,111.16,electronics
7247,1022.0,2023-12-02,22.78,toys
7248,1768.0,2024-04-12,275.14,home
7249,1952.0,2024-08-31,423.84,books
7250,1135.0,2024-09-23,346.26,electronics
7251,1712.0,2025-01-19,216.31,clothing
7252,1905.0,2024-04-06,300.13,sports
7253,1686.0,2023-12-01,284.67,sports
7254,1675.0,2024-04-17,6.43,sports
7255,1732.0,2024-09-07,92.08,clothing
7256,1886.0,2024-11-01,417.38,home
7257,1657.0,2025-02-13,464.66,electronics
7258,1198.0,2024-08-06,178.16,sports
7259,1530.0,2023-12-16,258.57,home
7260,1143.0,2024-05-20,453.86,sports
7261,1609.0,2025-07-24,269.74,toys
7262,1549.0,2025-11-06,104.46,clothing
7263,1324.0,2024-12-10,413.55,electronics
7264,1425.0,2025-08-17,245.45,toys
7265,1186.0,2025-09-26,125.65,electronics
7266,1285.0,2025-09-17,75.9,clothing
7267,1268.0,2024-03-25,32.14,home
7268,1836.0,2024-07-04,190.58,sports
7269,1573.0,2025-04-18,5.5,sports
7270,1793.0,2025-07-12,112.86,books
7271,1117.0,2025-04-14,432.94,electronics
7272,1917.0,2024-12-17,75.49,electronics
7273,1440.0,2024-09-03,268.22,books
7274,1850.0,2025-02-05,322.39,toys
7275,1615.0,2025-07-19,95.25,clothing
7276,1210.0,2025-05-28,346.72,toys
7277,1137.0,2023-12-25,270.31,electronics
7278,1348.0,2024-12-11,40.27,toys
7279,1284.0,2024-07-22,373.16,books
7280,1063.0,2025-07-21,416.75,toys
7281,1205.0,2024-09-25,422.51,clothing
7282,1007.0,2024-02-05,157.64,home
7283,1444.0,2025-05-01,198.2,electronics
7284,1565.0,2024-06-25,294.97,electronics
7285,1691.0,2025-03-22,264.74,books
7286,1521.0,2025-06-29,73.75,toys
7287,1938.0,2024-10-06,43.19,electronics
7288,1472.0,2025-08-22,320.69,clothing
7289,1961.0,2024-10-28,449.65,clothing
7290,1946.0,2025-04-04,28.62,clothing
7291,1107.0,2025-09-10,238.38,books
7292,1075.0,2023-12-18,108.14,home
7293,1414.0,2024-03-29,495.86,home
7294,1296.0,2024-02-11,299.43,sports
7295,1612.0,2024-12-10,205.86,toys
7296,1579.0,2024-02-10,424.59,home
7297,1083.0,2025-05-24,328.4,sports
7299,1776.0,2025-01-07,297.04,electronics
7300,1799.0,2024-08-22,480.52,toys
7301,1079.0,2024-02-04,150.43,clothing
7302,1898.0,2024-04-18,488.11,clothing
7303,1529.0,2024-07-14,39.34,electronics
7304,1823.0,2024-11-11,272.43,toys
7305,1359.0,2024-11-15,95.3,toys
7306,1766.0,2025-01-10,8.27,clothing
7307,1793.0,2025-05-26,134.17,books
7308,1412.0,2025-08-28,63.7,books
7309,1569.0,2025-09-24,404.38,books
7310,1878.0,2024-08-01,388.12,sports
7311,1377.0,2025-03-24,21.23,toys
7312,1878.0,2025-01-24,375.83,books
7313,1447.0,2025-06-04,320.97,sports
7314,1330.0,2025-06-26,247.66,books
7315,1297.0,2024-11-18,282.94,sports
7316,1326.0,2025-04-03,383.28,toys
7317,1746.0,2024-09-08,116.85,toys
7318,1421.0,2024-09-15,378.09,electronics
7319,1060.0,2025-10-17,354.33,clothing
7320,1571.0,2024-01-03,83.14,books
7321,1861.0,2024-08-29,280.38,electronics
7322,1598.0,2024-11-05,154.05,electronics
7323,1888.0,2025-10-02,167.22,clothing
7324,1787.0,2024-05-23,478.01,toys
7325,1395.0,2025-08-25,89.66,home
7326,1492.0,2024-02-10,239.93,clothing
7327,1290.0,2024-04-26,414.08,toys
7328,1140.0,2025-04-29,85.65,toys
7329,1708.0,2023-12-12,370.83,sports
7330,1670.0,2025-07-18,370.66,electronics
7331,1323.0,2024-11-10,371.57,home
7332,1201.0,2024-11-28,36.47,toys
7333,1722.0,2025-01-18,437.53,sports
7334,1641.0,2025-07-31,380.41,books
7335,1593.0,2024-10-11,425.68,home
7336,1422.0,2025-08-13,420.22,books
7337,1865.0,2024-04-22,191.96,home
7338,1381.0,2025-07-20,276.78,books
7339,1194.0,2024-10-06,128.0,home
7340,1616.0,2023-11-12,136.48,sports
7341,1457.0,2024-04-29,6.96,clothing
7342,1990.0,2024-11-04,449.38,sports
7343,1916.0,2024-02-25,247.91,clothing
7344,1312.0,2024-03-30,409.22,electronics
7345,1308.0,2024-01-07,25.9,clothing
7346,1612.0,2024-12-22,243.52,sports
7347,1913.0,2025-09-14,342.61,clothing
7348,1406.0,2025-03-06,451.83,home
7349,1223.0,2024-05-20,463.28,toys
7350,1295.0,2025-11-07,330.78,electronics
7351,1566.0,2024-04-30,52.89,toys
7352,1626.0,2024-10-05,369.83,sports
7353,1951.0,2024-02-27,475.11,electronics
7354,1755.0,2024-11-17,130.62,home
7355,1638.0,2024-08-19,57.02,home
7356,1789.0,2025-11-06,340.59,clothing
7357,1991.0,2023-11-10,311.54,books
7358,1751.0,2024-05-06,465.88,home
7359,1275.0,2024-01-13,427.66,electronics
7360,1129.0,2024-01-08,457.07,home
7361,1722.0,2024-12-30,365.85,books
7362,1171.0,2024-04-13,487.9,clothing
7363,1317.0,2023-12-13,155.47,home
7365,1355.0,2025-10-20,34.55,electronics
7366,1430.0,2025-02-22,131.49,sports
7367,1017.0,2024-06-16,135.45,electronics
7368,1330.0,2025-08-19,410.84,home
7369,1170.0,2024-10-23,298.88,books
7370,1887.0,2024-11-15,324.73,home
7371,1112.0,2024-08-29,498.82,home
7372,1194.0,2024-03-06,451.0,sports
7373,1990.0,2024-09-05,377.25,books
7374,1111.0,2025-04-27,329.76,clothing
7375,1318.0,2024-08-16,177.76,books
7376,1027.0,2024-01-21,216.6,home
7377,1232.0,2025-10-27,326.24,sports
7378,1287.0,2025-07-17,234.15,home
7379,1604.0,2024-01-15,241.09,toys
7380,1040.0,2024-11-26,240.32,electronics
7381,1811.0,2024-04-07,497.3,clothing
7382,1888.0,2024-04-14,,books
7383,1719.0,2025-10-22,342.62,toys
7384,1659.0,2025-09-28,79.77,sports
7385,1348.0,2025-01-10,464.56,sports
7386,1150.0,2024-05-21,245.84,toys
7387,1854.0,2024-09-24,158.91,clothing
7388,1260.0,2024-04-21,145.23,sports
7389,1892.0,2025-09-19,406.89,electronics
7390,1678.0,2025-03-15,307.81,clothing
7391,1666.0,2025-09-12,355.58,books
7392,1808.0,2025-03-16,451.14,books
7393,1514.0,2025-06-04,420.82,sports
7394,1777.0,2024-07-20,417.84,home
7395,1976.0,2025-03-28,346.07,toys
7396,1270.0,2025-03-16,401.68,home
7397,1251.0,2024-01-12,,toys
7398,1809.0,2025-05-03,89.69,electronics
7399,1756.0,2024-04-22,30.73,books
7400,1800.0,2025-03-06,96.72,clothing
7401,1092.0,2025-02-04,176.75,home
7402,1683.0,2024-08-15,478.41,home
7403,1766.0,2024-03-16,207.1,electronics
7404,1316.0,2024-06-14,133.29,clothing
7405,1439.0,2024-10-30,211.16,electronics
7406,1591.0,2025-04-10,195.47,sports
7407,1405.0,2024-02-10,122.06,toys
7408,1933.0,2024-04-13,175.0,clothing
7410,1994.0,2024-01-16,337.29,sports
7411,1215.0,2024-07-11,388.35,toys
7412,1963.0,2024-04-14,213.2,home
7413,1970.0,2024-09-28,163.01,toys
7414,1423.0,2024-01-05,407.02,clothing
7415,1211.0,2024-07-21,11.44,electronics
7417,1434.0,2025-01-27,498.54,books
7418,1454.0,2024-04-29,413.42,electronics
7419,1427.0,2024-10-11,300.21,electronics
7421,1176.0,2025-07-22,20.0,books
7422,1104.0,2023-12-20,51.71,toys
7423,1933.0,2024-12-20,124.95,electronics
7424,1032.0,2024-11-25,284.84,books
7425,1989.0,2025-01-28,205.66,toys
7426,1532.0,2025-07-16,266.54,electronics
7427,1457.0,2025-01-24,26.88,clothing
7428,1038.0,2024-08-02,327.65,home
7429,1085.0,2024-12-06,290.88,sports
7430,1264.0,2025-10-16,402.93,toys
7431,1601.0,2024-05-24,190.51,electronics
7432,1084.0,2024-03-09,118.8,sports
7433,1836.0,2025-08-22,233.26,books
7434,1304.0,2025-06-15,429.9,sports
7435,1306.0,2024-03-10,25.73,electronics
7436,1354.0,2024-04-07,186.16,clothing
7437,1471.0,2025-07-14,419.87,clothing
7438,1278.0,2025-10-05,447.36,sports
7439,1109.0,2025-07-28,184.01,books
7440,1773.0,2025-04-18,172.4,home
7441,1282.0,2024-10-09,432.11,clothing
7442,1475.0,2024-11-06,486.19,sports
7443,1149.0,2023-11-27,264.21,toys
7444,1305.0,2024-10-30,298.74,electronics
7445,1771.0,2024-08-13,132.62,home
7446,1087.0,2024-11-21,436.95,books
7447,1994.0,2025-10-25,266.94,books
7448,1973.0,2024-02-29,346.32,toys
7449,1082.0,2025-01-28,466.63,home
7450,1984.0,2025-10-13,330.06,electronics
7451,1122.0,2025-02-03,369.83,sports
7452,1283.0,2023-11-13,282.76,books
7453,1486.0,2024-08-16,19.53,toys
7454,1056.0,2024-01-05,145.75,sports
7456,1873.0,2025-02-28,,clothing
7457,1901.0,2024-07-11,183.35,clothing
7458,1288.0,2024-01-02,95.86,electronics
7459,1445.0,2024-10-29,423.89,home
7460,1637.0,2023-12-17,348.49,toys
7461,1815.0,2024-07-31,221.38,toys
7463,1021.0,2024-12-07,444.9,books
7464,1569.0,2025-01-27,323.64,toys
7465,1314.0,2025-05-16,281.21,toys
7466,1945.0,2023-12-22,385.06,sports
7467,1745.0,2024-07-25,93.97,sports
7468,1026.0,2024-02-08,482.41,home
7469,1383.0,2025-10-16,491.8,clothing
7470,1130.0,2024-02-03,156.27,books
7471,1578.0,2025-05-01,217.16,home
7472,1699.0,2025-11-09,98.59,home
7473,1210.0,2024-02-09,49.52,home
7474,1430.0,2024-11-23,247.38,electronics
7475,1294.0,2024-02-12,391.11,books
7476,1200.0,2025-04-09,46.79,clothing
7477,1880.0,2025-07-23,154.21,books
7478,1945.0,2025-10-08,284.19,toys
7480,1168.0,2025-01-10,13.83,sports
7482,1233.0,2024-04-29,47.88,home
7483,1620.0,2024-11-09,159.51,electronics
7484,1239.0,2024-04-30,54.9,books
7485,1270.0,2025-04-08,321.63,toys
7486,1196.0,2024-09-17,223.53,home
7487,1077.0,2024-09-24,178.83,electronics
7488,1176.0,2024-10-30,191.14,clothing
7489,1592.0,2024-05-14,110.93,toys
7490,1386.0,2025-04-01,100.89,toys
7491,1394.0,2024-04-11,108.97,toys
7492,1341.0,2025-05-11,329.62,clothing
7493,1746.0,2024-10-30,355.21,sports
7494,1774.0,2024-09-15,410.0,electronics
7495,1947.0,2024-01-04,164.12,clothing
7496,1517.0,2025-09-02,367.59,home
7497,1573.0,2024-11-02,233.32,clothing
7498,1315.0,2024-06-21,251.43,home
7499,1520.0,2025-10-08,16.46,sports
7500,1926.0,2024-02-16,409.84,home
7501,1876.0,2025-03-04,113.77,toys
7502,1600.0,2024-11-16,415.51,toys
7503,1689.0,2025-03-19,238.65,books
7504,1881.0,2023-12-18,17.4,sports
7505,1842.0,2025-05-06,163.7,toys
7506,1393.0,2023-12-24,301.35,toys
7507,1245.0,2024-10-19,18.92,sports
7508,1534.0,2025-03-06,376.04,home
7509,1509.0,2024-08-24,54.18,toys
7510,1747.0,2024-03-26,327.46,electronics
7511,1204.0,2025-04-26,305.15,toys
7512,1320.0,2025-01-22,9.42,toys
7513,1371.0,2024-02-10,87.79,sports
7514,1279.0,2024-06-05,249.6,books
7515,1665.0,2024-09-13,35.75,home
7516,1137.0,2024-12-28,415.4,books
7517,1187.0,2023-12-22,269.34,sports
7518,1132.0,2025-02-07,390.8,clothing
7519,1948.0,2025-09-21,225.08,clothing
7520,1355.0,2024-11-21,272.87,sports
7521,1935.0,2025-09-12,434.48,books
7522,1278.0,2025-05-03,208.7,electronics
7523,1725.0,2025-05-16,472.38,clothing
7524,1724.0,2024-04-16,188.58,toys
7525,1093.0,2024-03-03,375.63,toys
7526,1553.0,2024-12-13,220.83,clothing
7527,1328.0,2024-05-18,204.9,clothing
7528,1194.0,2025-05-19,413.05,clothing
7529,1846.0,2024-04-22,316.3,home
7530,1756.0,2025-08-19,187.66,toys
7531,1725.0,2024-11-21,77.93,books
7532,1112.0,2024-12-10,445.35,toys
7533,1309.0,2023-12-19,59.55,sports
7534,1561.0,2024-11-22,345.98,sports
7535,1456.0,2025-10-17,124.28,sports
7536,1397.0,2025-06-13,160.69,electronics
7537,1942.0,2025-05-20,496.97,sports
7540,1978.0,2024-09-15,484.73,sports
7541,1163.0,2025-08-11,302.89,home
7542,1266.0,2024-01-22,28.64,electronics
7543,1041.0,2024-06-07,276.22,toys
7544,1209.0,2024-02-26,144.65,books
7545,1114.0,2024-02-09,194.99,home
7546,1244.0,2024-12-03,278.5,electronics
7547,1959.0,2024-12-18,35.22,sports
7548,1324.0,2025-05-26,180.19,toys
7549,1549.0,2024-12-19,372.62,electronics
7550,1313.0,2024-08-30,457.05,toys
7551,1738.0,2024-04-05,104.4,electronics
7552,1188.0,2024-04-30,103.24,toys
7553,1064.0,2024-12-31,48.61,electronics
7554,1190.0,2025-01-01,238.39,sports
7555,1315.0,2024-12-26,303.1,clothing
7556,1677.0,2023-11-23,95.54,books
7557,1316.0,2023-12-13,342.39,toys
7558,1162.0,2024-11-11,345.82,sports
7559,1267.0,2025-10-16,350.21,books
7560,1873.0,2024-06-08,483.69,toys
7561,1946.0,2024-10-02,338.98,sports
7562,1407.0,2024-03-14,23.83,books
7563,1994.0,2024-11-06,467.23,sports
7564,1793.0,2024-08-14,133.27,electronics
7565,1554.0,2025-08-01,330.79,clothing
7566,1576.0,2024-12-16,471.79,clothing
7567,1568.0,2024-10-28,108.35,home
7568,1406.0,2025-06-13,288.92,electronics
7569,1782.0,2025-08-24,406.7,home
7570,1297.0,2024-08-09,186.93,sports
7571,1880.0,2024-12-09,201.41,clothing
7572,1704.0,2024-04-21,229.51,books
7573,1149.0,2024-04-28,410.05,toys
7574,1306.0,2025-07-31,,sports
7575,1256.0,2024-04-08,212.94,toys
7576,1763.0,2024-10-11,89.29,books
7577,1637.0,2024-08-23,147.13,home
7578,1118.0,2025-01-16,414.38,books
7579,1752.0,2025-04-17,216.91,toys
7580,1036.0,2024-05-06,171.05,clothing
7581,1685.0,2024-04-17,122.83,home
7582,1314.0,2024-09-13,318.48,sports
7583,1930.0,2025-08-15,434.19,books
7584,1151.0,2024-03-20,400.44,clothing
7585,1357.0,2023-12-01,77.55,electronics
7586,1226.0,2024-12-10,453.03,clothing
7587,1163.0,2024-03-21,234.55,electronics
7588,1505.0,2025-06-15,274.27,electronics
7589,1925.0,2024-12-14,162.94,electronics
7590,1964.0,2024-04-25,167.47,clothing
7591,1218.0,2025-09-05,179.37,clothing
7592,1270.0,2025-02-14,35.78,books
7593,1596.0,2025-05-16,426.43,books
7594,1990.0,2024-06-30,316.28,toys
7595,1060.0,2024-02-25,182.89,home
7596,1262.0,2024-10-04,438.13,sports
7598,1511.0,2025-02-27,24.9,toys
7599,1902.0,2025-08-03,292.1,clothing
7600,1523.0,2024-08-24,398.79,clothing
7601,1038.0,2025-08-02,313.76,clothing
7602,1030.0,2025-06-12,275.27,toys
7603,1846.0,2024-07-06,305.69,toys
7604,1011.0,2023-11-28,421.55,toys
7605,1574.0,2025-01-20,240.01,sports
7606,1677.0,2024-05-16,93.92,home
7607,1546.0,2024-10-16,389.39,sports
7608,1569.0,2025-06-12,25.94,clothing
7609,1255.0,2024-04-21,410.82,clothing
7610,1898.0,2024-10-23,275.09,electronics
7611,1477.0,2025-07-13,321.63,electronics
7612,1233.0,2025-09-06,11.64,electronics
7613,1715.0,2024-05-17,387.81,clothing
7614,1184.0,2024-06-28,236.96,toys
7615,1690.0,2025-01-27,345.28,sports
7616,1358.0,2025-08-28,420.95,electronics
7617,1342.0,2024-01-23,464.94,clothing
7618,1397.0,2025-01-15,383.74,clothing
7619,1827.0,2025-04-25,,electronics
7620,1270.0,2024-09-05,33.9,toys
7621,1403.0,2025-07-14,91.86,books
7622,1421.0,2024-07-07,87.03,electronics
7623,1688.0,2024-09-13,388.14,sports
7624,1547.0,2025-09-26,305.61,books
7625,1763.0,2025-05-06,482.79,sports
7626,1479.0,2025-10-31,356.25,electronics
7627,1102.0,2025-11-04,101.7,home
7628,1769.0,2023-11-13,347.3,electronics
7629,1735.0,2024-07-20,203.6,sports
7630,1017.0,2025-05-04,406.78,toys
7631,1202.0,2025-06-16,16.6,electronics
7632,1521.0,2024-10-22,150.06,home
7633,1814.0,2024-01-22,30.69,home
7634,1192.0,2025-01-01,458.84,sports
7635,1501.0,2024-02-07,195.02,clothing
7636,1531.0,2024-02-11,206.93,electronics
7637,1748.0,2024-01-12,478.19,electronics
7638,1341.0,2024-05-27,413.97,sports
7639,1063.0,2024-08-15,86.84,toys
7640,1852.0,2024-02-04,254.94,home
7641,1183.0,2024-04-30,103.44,books
7642,1219.0,2025-06-22,205.46,home
7643,1572.0,2025-02-22,426.25,clothing
7644,1500.0,2023-11-20,157.66,clothing
7645,1219.0,2024-08-13,281.7,home
7646,1079.0,2025-07-05,86.07,electronics
7647,1286.0,2025-05-18,120.89,toys
7648,1638.0,2024-10-06,32.21,books
7649,1641.0,2025-05-21,243.37,electronics
7650,1303.0,2025-07-18,217.61,toys
7651,1336.0,2024-10-04,402.52,home
7652,1511.0,2024-07-20,379.68,electronics
7653,1987.0,2024-08-24,324.28,home
7654,1781.0,2025-05-20,463.81,electronics
7655,1440.0,2024-05-13,194.53,toys
7656,1231.0,2025-09-15,250.52,clothing
7657,1195.0,2024-06-22,11.28,electronics
7658,1419.0,2025-10-01,327.7,toys
7659,1832.0,2025-10-27,220.06,sports
7660,1133.0,2025-03-02,216.49,clothing
7661,1636.0,2024-01-06,356.63,electronics
7662,1635.0,2024-01-11,73.29,sports
7663,1497.0,2024-09-14,286.67,electronics
7664,1512.0,2024-07-25,400.67,toys
7665,1069.0,2024-10-15,246.53,clothing
7666,1820.0,2024-03-20,432.67,home
7667,1294.0,2024-02-03,326.47,toys
7668,1226.0,2025-04-28,352.73,home
7669,1872.0,2024-02-22,326.27,clothing
7670,1512.0,2025-05-11,452.17,home
7671,1716.0,2024-07-08,48.68,sports
7672,1781.0,2024-12-30,19.33,sports
7673,1074.0,2025-05-21,437.72,toys
7674,1642.0,2024-06-01,323.15,electronics
7675,1759.0,2024-04-19,38.88,books
7676,1847.0,2025-02-12,259.15,sports
7677,1209.0,2024-10-17,306.51,sports
7678,1114.0,2024-03-05,34.27,sports
7679,1683.0,2024-03-16,348.06,home
7680,1579.0,2024-09-21,289.41,books
7681,1162.0,2024-11-13,253.85,clothing
7683,1460.0,2025-09-27,481.59,toys
7684,1744.0,2024-02-09,147.5,toys
7685,1586.0,2025-09-29,467.17,home
7686,1740.0,2024-09-17,373.03,electronics
7687,1048.0,2023-12-22,103.49,books
7688,1907.0,2024-03-03,340.3,books
7689,1725.0,2025-08-27,30.89,home
7690,1261.0,2024-02-20,166.41,sports
7691,1795.0,2024-05-20,113.1,electronics
7692,1973.0,2025-04-22,250.77,home
7693,1957.0,2025-01-21,138.84,toys
7694,1981.0,2024-03-18,391.6,toys
7695,1485.0,2024-08-27,,toys
7696,1099.0,2024-07-15,175.02,sports
7697,1827.0,2025-01-26,244.8,clothing
7698,1400.0,2025-07-04,72.52,home
7699,1340.0,2024-03-07,117.3,sports
7701,1841.0,2024-01-27,139.92,sports
7702,1819.0,2024-05-02,246.8,sports
7703,1307.0,2025-10-17,331.97,toys
7704,1459.0,2024-10-16,47.52,clothing
7706,1883.0,2025-09-27,463.96,sports
7707,1163.0,2024-10-15,53.43,books
7708,1620.0,2025-01-03,163.99,electronics
7709,1603.0,2024-05-14,408.07,home
7710,1504.0,2025-01-09,327.52,electronics
7711,1410.0,2025-06-17,57.81,sports
7712,1103.0,2025-09-24,121.63,electronics
7713,1206.0,2025-05-04,224.49,toys
7714,1133.0,2025-10-04,325.59,toys
7715,1097.0,2023-11-12,217.09,home
7716,1767.0,2024-05-31,156.05,clothing
7717,1216.0,2024-10-02,409.95,home
7718,1995.0,2023-12-25,312.48,clothing
7719,1111.0,2025-06-16,296.65,sports
7720,1175.0,2023-12-17,161.77,books
7721,1138.0,2025-07-10,280.6,clothing
7722,1779.0,2024-08-08,198.01,electronics
7723,1844.0,2025-03-19,477.63,clothing
7724,1262.0,2025-07-06,140.88,home
7725,1538.0,2025-03-27,314.33,home
7726,1529.0,2025-09-16,352.03,electronics
7727,1602.0,2025-10-06,281.32,clothing
7728,1038.0,2023-12-30,295.0,home
7729,1953.0,2025-03-01,365.19,toys
7730,1387.0,2025-11-04,431.96,sports
7731,1617.0,2025-06-25,446.32,toys
7732,1443.0,2024-03-14,225.57,electronics
7733,1686.0,2025-04-10,72.45,books
7734,1547.0,2025-11-05,63.41,home
7735,1691.0,2024-03-21,375.75,sports
7736,1050.0,2024-10-13,351.3,electronics
7737,1764.0,2023-12-07,291.69,electronics
7738,1062.0,2024-03-08,184.08,clothing
7739,1312.0,2025-05-10,142.79,clothing
7740,1987.0,2023-12-08,189.37,books
7741,1965.0,2025-05-01,228.48,electronics
7742,1217.0,2025-09-17,322.7,clothing
7743,1338.0,2024-07-01,314.5,sports
7744,1380.0,2025-09-23,101.24,toys
7745,1175.0,2024-04-26,38.63,books
7746,1271.0,2023-11-21,436.35,toys
7747,1463.0,2024-11-09,170.29,toys
7748,1647.0,2023-12-03,313.17,electronics
7749,1024.0,2024-07-24,169.4,toys
7750,1499.0,2024-05-03,223.12,toys
7751,1772.0,2025-08-22,80.34,sports
7752,1160.0,2023-12-25,158.06,home
7753,1761.0,2024-01-30,312.32,toys
7754,1003.0,2024-06-28,406.81,books
7755,1981.0,2025-04-03,301.36,electronics
7756,1710.0,2025-11-03,214.55,clothing
7757,1261.0,2025-01-27,256.71,sports
7758,1493.0,2025-09-01,488.96,electronics
7759,1166.0,2025-06-24,226.8,books
7760,1888.0,2025-09-06,477.39,electronics
7761,1728.0,2024-02-27,428.73,home
7762,1385.0,2024-10-11,23.58,toys
7763,1911.0,2025-01-21,283.44,clothing
7764,1245.0,2024-10-15,88.65,toys
7765,1553.0,2025-06-22,182.54,clothing
7766,1283.0,2024-08-02,113.57,home
7767,1687.0,2024-03-20,161.85,toys
7768,1290.0,2024-08-09,349.49,home
7769,1441.0,2025-09-13,139.61,clothing
7770,1184.0,2025-10-26,100.65,toys
7771,1187.0,2024-03-08,45.8,electronics
7772,1767.0,2025-01-17,483.76,toys
7773,1702.0,2025-06-14,49.25,sports
7774,1671.0,2023-11-17,162.84,sports
7775,1062.0,2025-08-03,368.87,toys
7776,1263.0,2025-01-25,349.85,books
7777,1090.0,2025-06-25,487.9,home
7778,1637.0,2024-08-30,6.05,home
7779,1588.0,2024-04-11,306.79,electronics
7780,1141.0,2024-09-21,168.01,sports
7781,1290.0,2025-01-22,279.62,sports
7782,1440.0,2025-04-21,352.03,clothing
7783,1761.0,2024-10-17,40.26,toys
7784,1828.0,2024-05-12,478.66,books
7785,1327.0,2024-02-15,335.94,sports
7786,1705.0,2025-08-06,206.31,toys
7787,1240.0,2024-01-28,227.72,toys
7788,1994.0,2025-05-25,101.92,clothing
7789,1899.0,2023-11-14,388.65,books
7790,1453.0,2024-02-05,74.77,home
7791,1556.0,2025-07-14,191.13,clothing
7792,1609.0,2024-04-27,106.77,toys
7793,1766.0,2025-10-30,272.3,toys
7794,1583.0,2024-06-28,358.9,toys
7795,1518.0,2025-01-10,485.67,books
7796,1782.0,2025-03-23,428.15,toys
7797,1314.0,2024-01-16,171.11,home
7798,1594.0,2024-09-30,51.55,electronics
7799,1873.0,2025-10-30,209.43,electronics
7800,1845.0,2024-01-23,194.73,clothing
7801,1103.0,2023-12-10,363.11,sports
7802,1615.0,2024-09-12,439.44,sports
7803,1437.0,2024-05-30,56.04,books
7804,1570.0,2024-02-28,138.93,toys
7805,1301.0,2025-06-16,380.15,electronics
7806,1254.0,2024-01-06,454.48,sports
7807,1861.0,2025-05-22,215.13,home
7808,1283.0,2024-07-19,451.88,clothing
7809,1717.0,2024-11-29,228.27,books
7810,1805.0,2024-11-16,210.53,clothing
7811,1608.0,2025-01-27,15.65,sports
7812,1593.0,2025-02-05,169.23,sports
7813,1926.0,2023-12-01,322.56,toys
7814,1916.0,2025-08-25,247.72,electronics
7815,1342.0,2024-07-12,305.59,toys
7816,1157.0,2024-12-25,266.21,home
7817,1107.0,2024-11-06,232.4,sports
7818,1823.0,2023-12-17,434.46,electronics
7819,1031.0,2023-11-14,34.62,electronics
7820,1142.0,2024-01-25,170.58,books
7821,1871.0,2024-08-17,431.52,books
7822,1933.0,2024-11-06,35.0,home
7823,1695.0,2025-05-17,446.24,sports
7824,1934.0,2024-07-07,319.79,toys
7825,1054.0,2025-05-23,386.99,sports
7826,1981.0,2023-12-27,419.41,clothing
7827,1125.0,2023-11-25,170.55,toys
7828,1760.0,2025-01-25,27.06,sports
7829,1852.0,2025-08-04,229.2,electronics
7830,1367.0,2024-04-04,297.21,electronics
7831,1278.0,2025-07-29,165.06,clothing
7833,1589.0,2025-01-06,27.08,home
7834,1302.0,2025-04-23,375.2,books
7835,1648.0,2024-03-02,295.5,books
7836,1104.0,2023-12-12,263.49,clothing
7837,1265.0,2025-09-23,405.18,sports
7838,1085.0,2025-07-22,195.79,books
7839,1056.0,2025-09-30,55.9,home
7840,1094.0,2024-09-13,54.12,clothing
7841,1732.0,2024-08-01,437.13,books
7842,1198.0,2024-12-17,252.02,clothing
7843,1504.0,2024-12-27,361.68,home
7844,1656.0,2025-03-18,36.35,books
7846,1877.0,2023-11-14,428.21,books
7847,1156.0,2025-04-19,475.76,sports
7848,1444.0,2024-03-29,88.23,home
7849,1393.0,2024-05-26,315.71,home
7850,1718.0,2024-01-10,393.86,books
7851,1001.0,2025-05-23,194.46,clothing
7852,1249.0,2024-10-17,56.47,toys
7853,1394.0,2025-03-08,342.39,books
7854,1756.0,2024-08-24,28.16,toys
7855,1276.0,2024-05-22,428.55,books
7856,1705.0,2024-11-29,306.17,sports
7857,1609.0,2023-11-14,124.36,toys
7858,1490.0,2024-02-14,424.32,sports
7859,1329.0,2024-09-07,40.86,electronics
7860,1167.0,2024-07-18,192.35,books
7861,1221.0,2025-06-29,423.02,electronics
7862,1206.0,2025-02-25,492.4,electronics
7863,1016.0,2025-06-24,355.71,sports
7864,1114.0,2025-06-26,169.36,clothing
7865,1364.0,2025-06-29,368.46,clothing
7866,1983.0,2025-01-16,163.38,sports
7867,1384.0,2024-02-01,467.61,toys
7868,1433.0,2024-03-15,128.38,books
7869,1505.0,2025-07-14,185.77,sports
7870,1763.0,2025-09-08,211.48,clothing
7871,1949.0,2025-03-31,390.55,electronics
7872,1208.0,2025-11-07,163.39,home
7873,1529.0,2024-05-11,432.77,books
7874,1420.0,2024-12-03,347.48,electronics
7876,1528.0,2024-05-18,182.74,books
7877,1261.0,2023-12-17,182.37,toys
7878,1811.0,2025-10-11,122.19,clothing
7879,1725.0,2024-07-12,154.23,electronics
7880,1856.0,2024-05-12,429.74,sports
7881,1847.0,2025-07-21,201.33,sports
7882,1109.0,2025-05-22,307.28,electronics
7883,1019.0,2025-09-16,371.98,home
7884,1818.0,2025-11-05,293.57,books
7885,1792.0,2024-11-11,287.1,books
7886,1187.0,2024-08-03,499.51,clothing
7887,1638.0,2025-08-28,123.65,home
7888,1340.0,2024-01-21,68.3,home
7889,1463.0,2023-11-28,457.27,toys
7891,1524.0,2024-12-28,65.54,sports
7892,1910.0,2024-01-15,226.05,home
7893,1466.0,2025-07-30,70.16,books
7894,1545.0,2025-06-03,128.32,home
7895,1009.0,2025-07-27,239.82,sports
7896,1458.0,2024-10-06,406.37,sports
7897,1123.0,2025-10-14,418.41,electronics
7898,1803.0,2024-12-24,233.67,toys
7899,1636.0,2024-08-26,98.53,toys
7900,1107.0,2025-02-15,163.64,books
7901,1155.0,2024-12-13,98.83,electronics
7902,1797.0,2025-09-27,69.82,books
7903,1243.0,2024-06-28,130.3,toys
7904,1933.0,2025-04-13,335.15,toys
7905,1484.0,2024-07-22,185.09,sports
7906,1313.0,2025-06-06,86.79,home
7907,1712.0,2025-08-03,334.21,books
7908,1448.0,2024-01-21,180.34,clothing
7909,1862.0,2024-11-28,350.43,electronics
7910,1110.0,2024-10-22,498.14,toys
7911,1467.0,2025-10-23,147.78,toys
7912,1177.0,2023-11-25,444.67,sports
7913,1465.0,2025-08-28,155.65,books
7914,1647.0,2025-03-29,26.5,clothing
7915,1081.0,2025-10-10,6.99,electronics
7916,1892.0,2024-11-14,433.06,books
7917,1973.0,2024-05-14,267.89,home
7918,1445.0,2025-09-08,54.46,clothing
7919,1152.0,2024-08-14,48.91,toys
7920,1028.0,2025-07-26,189.86,sports
7921,1749.0,2025-03-12,313.73,electronics
7922,1995.0,2024-09-14,466.2,sports
7924,1970.0,2024-10-23,378.26,home
7925,1675.0,2025-06-12,67.98,home
7927,1084.0,2024-10-27,163.75,sports
7928,1962.0,2024-09-07,155.2,books
7929,1302.0,2024-09-28,,electronics
7930,1736.0,2025-11-05,16.47,books
7931,1090.0,2024-11-11,377.4,sports
7932,1933.0,2025-09-18,218.4,sports
7933,1596.0,2025-04-01,151.36,clothing
7934,1417.0,2024-09-15,314.67,toys
7936,1838.0,2025-09-13,390.17,home
7937,1961.0,2024-09-14,401.47,sports
7938,1099.0,2024-09-27,461.52,clothing
7939,1796.0,2024-08-05,478.66,electronics
7940,1991.0,2024-09-24,140.67,home
7941,1464.0,2025-07-01,496.96,books
7942,1576.0,2025-07-19,346.38,clothing
7943,1831.0,2025-10-17,250.56,electronics
7944,1478.0,2024-07-30,413.41,home
7945,1100.0,2025-04-22,494.65,books
7946,1059.0,2025-06-08,316.0,books
7947,1355.0,2025-02-24,38.13,electronics
7948,1312.0,2024-10-01,11.51,electronics
7949,1064.0,2025-01-17,373.78,sports
7950,1673.0,2024-12-16,85.82,home
7951,1504.0,2025-02-27,111.86,toys
7952,1668.0,2025-07-24,158.65,clothing
7953,1063.0,2024-12-17,449.8,home
7954,1745.0,2024-06-27,315.58,sports
7955,1135.0,2025-10-07,314.45,books
7956,1969.0,2024-10-17,263.8,sports
7957,1758.0,2025-03-31,168.78,home
7958,1459.0,2024-02-29,183.57,electronics
7960,1565.0,2024-09-04,311.0,toys
7961,1721.0,2024-05-27,419.97,home
7962,1063.0,2024-11-06,254.43,sports
7963,1243.0,2023-11-11,175.52,electronics
7964,1017.0,2025-09-08,481.97,books
7965,1257.0,2025-02-19,56.48,electronics
7966,1813.0,2023-12-03,177.89,toys
7967,1655.0,2025-07-05,152.72,clothing
7968,1773.0,2024-02-18,244.5,home
7969,1875.0,2023-11-18,116.46,sports
7970,1854.0,2024-08-14,13.95,toys
7971,1146.0,2023-11-11,390.73,electronics
7972,1466.0,2024-03-04,87.46,clothing
7973,1265.0,2025-10-24,130.77,sports
7974,1558.0,2024-06-18,465.72,home
7975,1900.0,2024-07-12,271.42,books
7977,1012.0,2024-02-19,472.19,electronics
7978,1294.0,2024-03-30,396.33,home
7979,1307.0,2024-10-01,389.53,toys
7980,1242.0,2024-04-01,211.92,toys
7981,1860.0,2024-11-07,435.04,toys
7982,1303.0,2024-01-07,38.69,electronics
7983,1724.0,2024-05-19,199.45,toys
7984,1846.0,2025-08-14,369.73,home
7985,1097.0,2025-03-14,198.52,books
7986,1956.0,2025-05-27,378.58,electronics
7987,1621.0,2024-10-22,343.65,home
7988,1558.0,2025-02-18,355.22,home
7989,1127.0,2024-12-15,496.05,clothing
7990,1731.0,2025-05-13,447.19,clothing
7991,1112.0,2025-03-25,219.28,books
7992,1288.0,2024-11-23,352.38,home
7993,1243.0,2024-04-14,404.35,toys
7995,1392.0,2025-05-03,364.38,clothing
7996,1906.0,2024-05-27,223.53,clothing
7997,1673.0,2025-07-10,60.47,sports
7998,1166.0,2024-12-19,245.06,clothing
7999,1761.0,2025-03-09,288.57,home
8000,1776.0,2025-01-03,399.44,sports
8001,1741.0,2024-12-30,351.85,electronics
8002,1439.0,2025-08-11,484.01,toys
8003,1507.0,2025-10-18,177.51,clothing
8005,1596.0,2025-03-28,106.0,sports
8006,1667.0,2024-03-10,116.71,home
8007,1073.0,2025-08-08,443.66,home
8008,1359.0,2025-05-23,182.4,toys
8009,1639.0,2024-01-06,75.6,books
8010,1862.0,2024-05-08,95.91,toys
8011,1269.0,2024-01-19,330.23,electronics
8012,1072.0,2023-11-28,34.63,electronics
8013,1530.0,2025-08-03,178.74,sports
8014,1506.0,2025-02-14,226.49,clothing
8015,1249.0,2023-12-11,63.16,toys
8016,1579.0,2024-07-30,278.71,toys
8017,1656.0,2024-04-22,213.64,electronics
8018,1297.0,2023-12-06,447.99,home
8019,1902.0,2024-01-30,491.95,toys
8020,1752.0,2025-10-04,324.9,electronics
8021,1986.0,2025-03-11,480.26,toys
8022,1379.0,2024-12-13,240.57,home
8023,1869.0,2025-04-06,270.1,books
8024,1955.0,2024-03-18,207.3,books
8025,1506.0,2024-04-13,454.22,home
8026,1441.0,2025-07-22,415.73,home
8027,1348.0,2024-11-21,363.8,clothing
8028,1789.0,2025-03-05,243.44,sports
8029,1859.0,2025-05-04,382.88,toys
8030,1212.0,2025-02-24,453.47,books
8031,1879.0,2024-12-13,383.09,sports
8032,1762.0,2025-04-17,387.63,sports
8033,1570.0,2023-12-22,394.88,sports
8034,1979.0,2024-03-23,221.36,toys
8035,1036.0,2024-12-03,331.01,clothing
8036,1852.0,2025-07-21,43.16,electronics
8037,1524.0,2024-08-18,341.6,home
8038,1415.0,2025-08-12,152.34,home
8039,1362.0,2025-05-29,470.72,books
8040,1967.0,2023-12-18,247.86,home
8041,1287.0,2025-08-08,130.03,electronics
8042,1884.0,2025-11-04,276.6,toys
8043,1029.0,2025-03-11,456.3,sports
8044,1257.0,2024-11-06,484.25,home
8045,1263.0,2024-05-08,480.65,books
8046,1935.0,2025-02-15,326.45,home
8047,1139.0,2025-09-19,351.87,sports
8048,1463.0,2024-04-21,459.34,electronics
8049,1930.0,2025-07-16,25.78,sports
8050,1074.0,2024-05-06,378.17,clothing
8051,1471.0,2023-11-22,204.43,toys
8052,1479.0,2024-08-12,358.64,toys
8053,1914.0,2025-03-26,213.95,sports
8054,1824.0,2024-02-22,35.39,electronics
8055,1208.0,2025-05-18,453.51,books
8056,1753.0,2025-07-11,218.23,home
8057,1561.0,2025-08-19,239.31,toys
8058,1927.0,2025-05-28,32.88,electronics
8059,1914.0,2024-01-15,23.67,electronics
8060,1764.0,2023-12-23,302.31,toys
8061,1057.0,2025-04-10,120.78,clothing
8062,1575.0,2025-06-03,48.62,books
8063,1349.0,2025-08-26,464.58,books
8064,1380.0,2025-04-23,386.32,books
8065,1019.0,2024-04-08,26.77,sports
8066,1443.0,2024-08-07,382.12,toys
8067,1621.0,2024-12-15,478.56,toys
8068,1712.0,2025-03-26,115.41,home
8069,1309.0,2025-08-25,391.67,electronics
8070,1121.0,2025-11-04,5.6,sports
8071,1604.0,2024-10-12,15.94,electronics
8072,1046.0,2025-02-18,427.66,books
8073,1408.0,2025-08-18,387.43,clothing
8074,1621.0,2024-04-03,410.86,sports
8076,1817.0,2024-07-17,305.37,toys
8077,1736.0,2023-12-21,65.38,clothing
8078,1694.0,2024-01-10,458.68,toys
8079,1899.0,2024-10-22,417.96,books
8080,1111.0,2025-03-02,325.78,toys
8081,1942.0,2025-07-27,143.81,books
8082,1760.0,2025-01-27,165.98,home
8083,1835.0,2023-12-17,118.31,home
8085,1550.0,2025-01-16,278.84,sports
8086,1049.0,2025-03-06,21.13,books
8087,1817.0,2024-12-13,97.84,home
8088,1781.0,2023-12-14,242.94,electronics
8089,1187.0,2024-10-30,350.46,electronics
8090,1777.0,2025-04-09,307.83,electronics
8091,1884.0,2025-08-12,327.65,sports
8092,1978.0,2025-01-10,7.8,sports
8093,1454.0,2025-07-10,362.7,clothing
8094,1839.0,2025-05-26,200.04,home
8095,1077.0,2024-12-07,372.01,toys
8096,1311.0,2023-12-08,99.49,electronics
8097,1772.0,2025-08-23,29.07,clothing
8099,1169.0,2024-04-08,476.01,sports
8101,1170.0,2024-12-28,286.85,sports
8102,1238.0,2025-08-14,69.62,home
8103,1967.0,2025-07-06,188.83,toys
8104,1443.0,2024-06-29,391.65,electronics
8105,1293.0,2025-10-12,371.82,clothing
8106,1792.0,2024-04-20,129.77,books
8107,1126.0,2025-08-24,205.43,sports
8108,1028.0,2025-04-22,13.22,sports
8109,1425.0,2025-10-02,30.93,home
8111,1856.0,2024-10-31,63.76,sports
8112,1530.0,2024-01-18,188.61,books
8113,1889.0,2025-08-21,18.0,books
8114,1940.0,2024-06-08,480.73,clothing
8115,1348.0,2024-11-01,328.74,sports
8116,1700.0,2024-09-30,443.5,books
8117,1029.0,2024-11-09,37.43,clothing
8118,1089.0,2024-06-23,235.34,clothing
8119,1265.0,2024-09-06,41.78,home
8120,1590.0,2024-10-07,434.7,toys
8121,1542.0,2025-09-08,241.99,electronics
8122,1666.0,2024-06-21,289.19,toys
8123,1484.0,2024-08-11,218.91,toys
8124,1988.0,2024-12-14,51.29,electronics
8125,1755.0,2024-10-11,341.56,clothing
8126,1946.0,2025-07-14,387.14,clothing
8127,1171.0,2025-07-01,240.09,books
8128,1041.0,2024-09-10,144.68,books
8130,1176.0,2024-06-11,284.11,clothing
8131,1737.0,2024-12-28,251.52,electronics
8132,1349.0,2024-10-23,194.61,sports
8133,1271.0,2024-11-11,282.36,home
8134,1328.0,2024-09-24,112.05,sports
8135,1651.0,2024-07-16,326.75,electronics
8136,1128.0,2024-01-08,,electronics
8137,1549.0,2024-01-27,18.47,books
8138,1567.0,2024-01-18,45.69,books
8139,1549.0,2023-11-15,272.8,sports
8140,1222.0,2025-10-14,382.77,clothing
8141,1226.0,2025-01-04,13.74,clothing
8142,1474.0,2025-01-05,130.75,sports
8143,1440.0,2025-05-31,219.71,books
8144,1276.0,2025-06-04,17.22,clothing
8145,1320.0,2024-05-08,422.06,clothing
8146,1843.0,2024-01-18,234.6,sports
8147,1290.0,2024-01-08,138.97,clothing
8148,1340.0,2024-10-03,230.57,home
8149,1733.0,2024-04-22,23.72,home
8150,1750.0,2024-10-06,83.39,electronics
8151,1352.0,2025-01-27,344.06,clothing
8153,1797.0,2025-08-23,117.95,sports
8154,1198.0,2024-07-30,164.4,home
8155,1585.0,2025-02-15,349.59,books
8156,1322.0,2024-11-23,11.84,toys
8157,1542.0,2024-05-21,272.6,clothing
8158,1278.0,2024-05-20,103.59,clothing
8159,1268.0,2024-03-18,45.77,toys
8160,1977.0,2024-03-15,199.32,books
8161,1771.0,2024-09-23,131.64,electronics
8163,1455.0,2024-02-28,168.32,electronics
8164,1765.0,2025-06-25,178.73,electronics
8165,1518.0,2024-11-17,231.09,clothing
8166,1174.0,2024-02-08,284.16,sports
8168,1917.0,2024-09-12,278.55,books
8169,1224.0,2025-01-12,415.78,sports
8170,1679.0,2025-03-06,210.72,clothing
8172,1335.0,2024-07-20,160.06,sports
8173,1078.0,2025-05-01,30.9,books
8174,1642.0,2024-07-10,285.17,clothing
8175,1703.0,2025-11-08,192.84,clothing
8176,1321.0,2024-04-22,238.61,sports
8177,1177.0,2024-11-21,10.04,books
8178,1510.0,2023-11-22,434.15,sports
8179,1585.0,2024-07-30,330.33,electronics
8180,1156.0,2025-04-03,271.6,home
8181,1138.0,2025-10-11,317.03,toys
8182,1848.0,2025-06-19,135.96,electronics
8183,1365.0,2024-09-07,373.1,books
8184,1551.0,2024-04-20,421.76,electronics
8185,1430.0,2024-11-09,311.56,sports
8186,1146.0,2024-12-05,261.83,books
8187,1821.0,2024-03-30,481.21,electronics
8188,1579.0,2024-02-11,338.12,home
8189,1955.0,2024-08-31,362.69,toys
8190,1884.0,2025-05-22,,sports
8191,1140.0,2025-03-17,51.71,clothing
8192,1996.0,2025-08-23,51.41,electronics
8193,1366.0,2024-09-15,391.64,clothing
8194,1497.0,2025-06-01,461.93,sports
8195,1830.0,2024-03-12,168.76,home
8196,1920.0,2024-07-04,66.81,electronics
8197,1159.0,2025-07-20,343.74,electronics
8198,1999.0,2025-05-10,73.7,toys
8199,1272.0,2025-10-04,253.96,toys
8200,1331.0,2025-05-23,403.37,home
8201,1954.0,2024-10-09,63.38,clothing
8202,1073.0,2025-01-19,120.67,clothing
8203,1561.0,2025-08-17,259.41,electronics
8204,1132.0,2025-02-03,230.85,sports
8205,1480.0,2024-05-31,93.45,home
8206,1741.0,2024-03-23,387.66,toys
8207,1820.0,2024-09-25,330.84,sports
8208,1507.0,2024-10-23,23.69,sports
8209,1473.0,2024-07-30,68.57,clothing
8210,1188.0,2024-04-19,379.78,home
8211,1226.0,2023-11-25,485.79,electronics
8212,1548.0,2025-01-06,268.31,books
8213,1979.0,2025-07-21,229.72,books
8214,1034.0,2025-07-08,111.35,toys
8215,1998.0,2024-09-19,191.03,clothing
8216,1575.0,2025-07-02,475.61,electronics
8217,1993.0,2025-10-10,223.07,clothing
8218,1820.0,2024-10-16,177.68,home
8219,1930.0,2025-08-04,174.74,toys
8220,1676.0,2025-01-19,241.98,toys
8221,1531.0,2025-03-24,258.2,toys
8222,1766.0,2024-05-13,373.99,books
8223,1244.0,2025-07-24,94.67,books
8224,1071.0,2025-06-18,164.1,sports
8225,1862.0,2024-05-29,36.72,electronics
8226,1249.0,2024-10-19,81.9,books
8227,1191.0,2025-09-08,205.73,books
8228,1404.0,2024-04-28,364.7,home
8229,1261.0,2024-02-18,377.92,electronics
8230,1044.0,2025-02-08,130.77,clothing
8232,1125.0,2025-01-14,154.82,sports
8233,1777.0,2025-03-12,216.86,clothing
8234,1892.0,2024-08-24,32.11,books
8235,1519.0,2024-02-05,209.18,clothing
8236,1901.0,2025-08-05,173.51,clothing
8237,1330.0,2025-02-01,121.58,clothing
8238,1074.0,2025-07-24,234.62,books
8239,1124.0,2025-02-20,274.42,toys
8240,1701.0,2024-12-05,142.56,electronics
8241,1501.0,2025-08-03,219.31,home
8242,1646.0,2024-02-22,228.35,electronics
8243,1962.0,2025-08-08,88.5,home
8244,1989.0,2025-04-18,332.55,toys
8245,1948.0,2024-10-20,255.92,books
8246,1610.0,2024-07-16,451.57,books
8247,1271.0,2025-05-26,19.08,electronics
8248,1685.0,2024-08-07,243.42,clothing
8249,1244.0,2024-09-19,415.58,books
8250,1541.0,2025-04-23,314.85,books
8251,1524.0,2024-04-30,175.89,home
8252,1273.0,2025-04-17,168.98,home
8253,1644.0,2025-07-26,185.53,sports
8254,1111.0,2025-08-27,24.19,clothing
8255,1889.0,2023-11-12,434.5,electronics
8256,1575.0,2024-03-07,246.11,toys
8257,1625.0,2025-08-21,159.94,clothing
8258,1768.0,2024-10-23,11.25,books
8259,1570.0,2024-01-11,426.27,sports
8260,1152.0,2024-05-05,91.23,home
8261,1269.0,2024-08-03,103.48,books
8262,1774.0,2025-04-07,289.95,books
8263,1483.0,2024-02-29,251.12,clothing
8264,1775.0,2025-05-02,247.92,books
8265,1419.0,2025-05-05,317.28,books
8266,1343.0,2025-09-23,284.0,books
8267,1319.0,2024-01-19,82.68,electronics
8268,1008.0,2025-06-15,121.17,sports
8269,1448.0,2025-04-29,143.17,sports
8270,1030.0,2024-01-19,117.58,toys
8271,1667.0,2024-03-30,268.4,books
8272,1934.0,2025-01-13,104.64,toys
8273,1297.0,2025-01-26,164.89,clothing
8274,1504.0,2025-06-30,11.66,books
8275,1758.0,2023-11-22,118.51,books
8276,1005.0,2024-10-25,317.12,books
8277,1173.0,2024-02-11,237.83,sports
8278,1502.0,2024-02-26,432.43,clothing
8279,1945.0,2024-10-15,7.01,books
8280,1109.0,2024-08-08,423.66,home
8281,1220.0,2024-08-29,163.82,books
8282,1809.0,2024-07-18,451.62,clothing
8283,1016.0,2024-04-04,61.95,books
8284,1953.0,2025-06-03,380.1,electronics
8285,1096.0,2024-12-12,460.1,clothing
8286,1666.0,2024-08-10,297.39,clothing
8287,1505.0,2025-05-16,65.22,books
8288,1084.0,2024-10-29,440.58,books
8289,1223.0,2024-07-26,232.12,clothing
8290,1827.0,2024-07-03,16.55,home
8291,1250.0,2025-01-04,348.87,books
8292,1590.0,2024-09-25,314.94,sports
8293,1807.0,2024-07-03,453.14,toys
8294,1181.0,2023-12-12,237.48,clothing
8295,1359.0,2025-08-15,111.6,clothing
8296,1485.0,2025-10-28,241.58,sports
8297,1490.0,2024-05-19,357.35,toys
8298,1275.0,2024-07-21,240.15,toys
8299,1752.0,2024-09-10,155.71,toys
8300,1299.0,2024-10-23,64.04,sports
8301,1673.0,2025-08-16,126.59,electronics
8302,1550.0,2023-12-09,173.38,home
8303,1764.0,2025-02-05,14.52,sports
8304,1716.0,2025-09-29,173.48,electronics
8305,1426.0,2024-11-27,83.74,toys
8306,1770.0,2023-12-26,,books
8307,1239.0,2024-04-02,79.88,books
8308,1748.0,2025-01-15,138.88,toys
8309,1087.0,2024-02-12,248.15,sports
8310,1277.0,2024-07-16,300.87,electronics
8311,1698.0,2025-06-11,244.9,clothing
8312,1189.0,2024-09-05,358.72,toys
8313,1935.0,2024-12-29,411.11,sports
8314,1045.0,2025-11-01,271.15,toys
8315,1661.0,2024-06-01,450.89,electronics
8316,1116.0,2024-05-13,233.84,clothing
8317,1406.0,2025-10-31,312.47,toys
8318,1645.0,2025-05-10,331.9,toys
8319,1233.0,2024-04-21,329.37,books
8320,1663.0,2024-11-27,168.67,books
8321,1401.0,2024-07-20,50.22,home
8322,1644.0,2024-05-19,428.43,electronics
8323,1005.0,2024-11-24,465.19,electronics
8324,1935.0,2025-08-23,432.4,toys
8325,1705.0,2025-10-02,377.18,electronics
8326,1871.0,2023-12-08,448.76,home
8327,1070.0,2025-05-22,421.44,clothing
8328,1218.0,2025-02-06,481.43,toys
8329,1636.0,2025-05-01,291.91,toys
8330,1209.0,2025-03-01,36.62,clothing
8331,1323.0,2025-06-08,499.92,books
8332,1713.0,2025-05-03,39.14,home
8333,1813.0,2024-08-30,11.31,sports
8334,1007.0,2024-12-10,451.37,clothing
8335,1723.0,2024-04-17,161.78,sports
8336,1705.0,2024-11-09,440.88,books
8337,1636.0,2023-12-29,46.66,sports
8338,1804.0,2024-09-17,213.73,books
8339,1535.0,2024-03-27,91.06,toys
8341,1837.0,2024-07-23,350.16,books
8343,1023.0,2025-10-10,229.81,clothing
8344,1365.0,2024-08-04,133.02,books
8345,1835.0,2025-03-31,481.95,home
8346,1192.0,2024-08-24,204.37,clothing
8347,1272.0,2025-03-24,11.09,home
8348,1118.0,2024-08-12,294.95,electronics
8349,1327.0,2024-04-28,370.92,electronics
8351,1979.0,2025-05-16,315.43,electronics
8352,1296.0,2025-01-29,317.59,clothing
8353,1973.0,2025-09-14,274.65,toys
8354,1358.0,2024-11-24,424.94,home
8355,1586.0,2025-04-25,197.4,books
8356,1738.0,2025-06-03,,sports
8358,1383.0,2025-09-02,211.82,sports
8359,1215.0,2025-03-19,392.25,toys
8360,1779.0,2024-02-12,430.45,electronics
8361,1490.0,2024-12-08,371.13,toys
8362,1823.0,2025-04-05,432.85,books
8363,1891.0,2024-03-26,94.56,clothing
8364,1790.0,2024-05-04,248.78,clothing
8365,1045.0,2024-02-06,297.42,clothing
8367,1447.0,2025-06-13,374.95,sports
8368,1471.0,2025-08-14,162.55,books
8369,1629.0,2025-06-21,267.63,sports
8370,1985.0,2024-11-29,235.16,toys
8371,1628.0,2023-12-28,39.76,toys
8372,1200.0,2025-02-26,167.31,electronics
8373,1258.0,2025-02-26,106.13,clothing
8374,1696.0,2025-09-25,357.17,books
8375,1104.0,2025-09-28,260.48,clothing
8376,1438.0,2024-11-14,345.11,clothing
8377,1883.0,2025-08-02,446.6,home
8378,1367.0,2024-10-10,233.47,home
8379,1723.0,2025-01-14,62.11,electronics
8380,1354.0,2024-08-01,406.9,clothing
8381,1771.0,2024-12-25,150.23,sports
8382,1892.0,2024-07-19,436.49,books
8383,1793.0,2025-04-09,63.9,books
8384,1810.0,2024-11-19,319.54,electronics
8385,1977.0,2023-12-02,69.97,books
8386,1035.0,2025-07-04,37.52,sports
8387,1729.0,2025-03-30,371.07,toys
8388,1028.0,2025-01-02,228.28,home
8389,1583.0,2024-10-28,358.43,electronics
8390,1203.0,2025-05-14,6.67,electronics
8391,1868.0,2025-11-01,178.17,electronics
8392,1299.0,2023-11-14,220.18,home
8393,1723.0,2025-02-18,105.46,sports
8394,1688.0,2024-09-22,228.6,sports
8395,1784.0,2024-08-11,52.12,clothing
8396,1730.0,2025-08-05,300.66,books
8397,1235.0,2025-09-03,142.0,clothing
8398,1366.0,2025-01-09,146.68,home
8399,1339.0,2024-11-30,220.94,books
8400,1573.0,2024-10-25,158.31,sports
8401,1687.0,2024-03-28,378.65,electronics
8402,1277.0,2025-03-07,427.15,home
8403,1117.0,2025-04-18,129.68,toys
8404,1697.0,2025-06-14,430.38,home
8405,1965.0,2025-01-05,457.86,toys
8406,1147.0,2024-10-12,21.06,sports
8407,1731.0,2025-06-21,409.06,electronics
8408,1454.0,2024-02-10,383.06,home
8409,1827.0,2025-10-18,468.16,books
8410,1086.0,2024-03-24,310.14,sports
8411,1090.0,2023-11-14,167.06,books
8412,1071.0,2024-05-30,484.75,sports
8413,1521.0,2024-05-23,135.46,electronics
8414,1277.0,2024-06-10,116.08,toys
8415,1730.0,2025-04-20,82.8,toys
8416,1659.0,2025-09-25,379.84,toys
8417,1464.0,2024-09-15,484.46,books
8418,1690.0,2025-05-08,13.46,electronics
8420,1173.0,2024-01-14,201.93,books
8421,1240.0,2024-10-10,342.69,electronics
8422,1903.0,2024-12-22,36.48,sports
8423,1361.0,2024-02-15,130.6,electronics
8424,1630.0,2025-07-03,454.39,toys
8425,1575.0,2024-05-10,434.92,books
8426,1481.0,2024-01-29,455.3,sports
8427,1080.0,2025-09-07,400.46,books
8428,1273.0,2024-12-06,327.67,home
8429,1508.0,2024-12-12,489.44,books
8430,1415.0,2024-10-31,30.19,electronics
8431,1805.0,2025-10-02,433.53,sports
8432,1101.0,2025-03-14,287.9,clothing
8433,1221.0,2025-07-16,103.39,home
8434,1134.0,2025-07-12,11.17,home
8435,1439.0,2025-02-04,204.95,sports
8436,1884.0,2024-05-30,250.69,clothing
8437,1649.0,2023-12-31,491.87,electronics
8438,1909.0,2025-01-31,79.32,electronics
8439,1886.0,2025-07-01,240.48,sports
8440,1932.0,2024-09-08,303.85,sports
8441,1464.0,2025-10-19,163.08,electronics
8442,1981.0,2024-01-19,39.77,toys
8443,1256.0,2025-09-30,192.24,sports
8444,1358.0,2024-10-02,239.04,toys
8445,1116.0,2025-09-05,186.75,toys
8446,1567.0,2025-09-26,469.25,electronics
8447,1788.0,2024-11-28,238.53,electronics
8448,1243.0,2024-05-02,292.96,sports
8449,1195.0,2025-03-16,121.56,toys
8450,1065.0,2024-08-29,80.05,clothing
8451,1183.0,2024-04-12,444.78,home
8452,1851.0,2024-10-08,39.42,books
8453,1343.0,2023-12-19,309.35,electronics
8454,1474.0,2025-11-03,361.19,home
8455,1231.0,2025-04-13,113.89,clothing
8456,1451.0,2023-12-10,465.73,clothing
8457,1835.0,2025-05-31,162.56,toys
8458,1869.0,2025-09-15,243.91,electronics
8459,1577.0,2025-05-06,78.64,clothing
8460,1162.0,2025-04-07,184.61,toys
8461,1351.0,2025-02-18,124.07,electronics
8462,1626.0,2024-12-31,413.82,clothing
8463,1644.0,2024-07-13,252.91,sports
8464,1594.0,2024-02-18,379.08,home
8465,1676.0,2025-05-04,191.26,home
8466,1336.0,2024-08-23,50.26,electronics
8467,1381.0,2025-08-22,435.44,sports
8468,1661.0,2024-09-26,178.67,home
8469,1425.0,2025-08-13,459.7,electronics
8471,1004.0,2024-08-11,267.04,sports
8472,1165.0,2025-05-01,24.11,sports
8473,1129.0,2024-11-10,365.8,home
8474,1374.0,2025-03-12,167.91,home
8475,1309.0,2025-07-21,446.22,sports
8476,1785.0,2024-08-01,315.67,electronics
8477,1890.0,2024-11-15,235.11,clothing
8478,1704.0,2024-01-05,142.97,clothing
8479,1202.0,2024-05-26,462.53,home
8480,1130.0,2025-01-16,22.74,toys
8481,1470.0,2024-06-26,381.19,home
8482,1845.0,2024-12-24,315.95,toys
8483,1593.0,2024-07-12,139.92,sports
8484,1227.0,2024-03-13,253.8,sports
8485,1802.0,2025-10-23,21.03,electronics
8486,1530.0,2024-08-14,180.25,electronics
8487,1744.0,2025-04-14,,clothing
8488,1689.0,2024-08-10,296.38,sports
8489,1314.0,2025-09-26,204.3,clothing
8490,1670.0,2024-05-18,154.92,sports
8491,1297.0,2025-08-21,165.4,books
8492,1588.0,2025-06-08,430.9,electronics
8493,1739.0,2025-04-12,134.39,electronics
8494,1437.0,2024-09-20,213.58,clothing
8495,1464.0,2024-02-17,367.39,books
8496,1456.0,2025-10-28,344.97,books
8497,1128.0,2025-05-21,357.51,sports
8498,1817.0,2025-05-06,465.3,clothing
8499,1807.0,2024-10-05,330.85,sports
8500,1035.0,2025-03-25,466.5,sports
8501,1012.0,2025-10-21,42.85,home
8502,1346.0,2024-08-24,461.61,books
8503,1700.0,2024-01-18,266.48,books
8505,1273.0,2025-05-11,258.95,home
8506,1803.0,2025-10-07,396.71,sports
8507,1811.0,2025-08-04,139.56,electronics
8508,1706.0,2024-09-12,351.21,toys
8509,1404.0,2024-02-01,433.62,toys
8510,1099.0,2024-07-14,464.35,toys
8511,1696.0,2024-05-26,280.29,clothing
8512,1008.0,2025-10-22,457.61,electronics
8514,1304.0,2023-12-12,269.76,toys
8515,1004.0,2025-06-17,459.62,electronics
8516,1254.0,2025-10-17,93.38,clothing
8517,1677.0,2025-08-18,424.54,electronics
8518,1252.0,2025-07-03,256.49,toys
8519,1868.0,2024-02-11,315.28,electronics
8520,1077.0,2024-07-11,80.99,clothing
8521,1493.0,2025-06-30,221.61,sports
8523,1182.0,2025-02-28,284.06,electronics
8524,1971.0,2024-08-01,152.78,home
8525,1978.0,2025-09-23,389.1,books
8526,1409.0,2025-02-02,183.3,home
8527,1607.0,2024-07-15,255.75,clothing
8528,1412.0,2025-03-11,182.21,books
8529,1399.0,2025-03-01,50.06,books
8530,1639.0,2024-08-12,64.81,electronics
8531,1502.0,2025-02-10,364.74,home
8532,1214.0,2023-11-20,412.06,books
8533,1355.0,2025-10-03,200.21,books
8534,1291.0,2025-01-07,342.35,books
8535,1107.0,2025-07-23,489.38,home
8536,1687.0,2024-11-07,32.48,books
8537,1825.0,2025-04-12,132.06,toys
8538,1092.0,2024-05-02,427.87,home
8539,1049.0,2024-06-04,450.51,sports
8540,1197.0,2024-12-20,160.47,books
8541,1584.0,2025-04-08,460.42,home
8542,1553.0,2023-11-21,314.77,home
8543,1234.0,2024-02-02,334.09,sports
8544,1597.0,2025-02-17,397.98,toys
8545,1884.0,2025-10-10,226.0,toys
8546,1484.0,2024-03-13,209.3,books
8547,1837.0,2024-05-16,314.55,home
8549,1811.0,2025-08-27,450.83,books
8550,1617.0,2025-08-10,127.46,electronics
8551,1553.0,2024-05-22,230.77,books
8552,1680.0,2025-06-08,,toys
8553,1567.0,2024-04-05,436.89,books
8554,1644.0,2025-09-18,464.8,sports
8555,1619.0,2025-05-12,120.3,toys
8556,1203.0,2025-01-23,259.39,books
8557,1956.0,2024-06-22,121.73,sports
8558,1094.0,2025-06-22,205.92,electronics
8559,1713.0,2024-04-10,85.85,books
8560,1986.0,2024-06-02,420.37,sports
8561,1756.0,2024-05-24,465.87,electronics
8562,1074.0,2024-04-05,72.6,clothing
8563,1220.0,2024-06-24,410.27,home
8564,1577.0,2025-06-13,486.16,home
8565,1987.0,2024-10-08,82.26,clothing
8566,1416.0,2024-12-30,157.95,books
8567,1669.0,2025-04-03,288.54,clothing
8568,1151.0,2024-08-25,343.62,electronics
8569,1486.0,2025-05-12,5.98,sports
8570,1448.0,2024-10-05,354.6,electronics
8571,1734.0,2024-03-11,137.98,electronics
8572,1991.0,2024-12-11,308.23,toys
8573,1304.0,2024-06-14,32.29,books
8574,1012.0,2024-10-03,59.04,electronics
8575,1207.0,2024-07-21,179.76,toys
8576,1112.0,2024-07-29,195.14,home
8577,1328.0,2025-03-05,290.02,clothing
8578,1403.0,2025-01-12,187.63,sports
8579,1422.0,2025-08-06,64.41,books
8580,1584.0,2024-04-16,33.41,toys
8581,1071.0,2025-04-30,246.29,sports
8582,1712.0,2024-01-03,400.93,clothing
8583,1864.0,2024-12-15,55.28,home
8584,1997.0,2025-10-30,152.05,electronics
8585,1648.0,2025-06-14,85.21,electronics
8586,1609.0,2024-06-04,396.58,books
8587,1961.0,2024-07-15,345.1,electronics
8588,1018.0,2024-04-22,498.64,electronics
8589,1645.0,2025-04-05,182.6,home
8590,1528.0,2025-05-05,405.22,sports
8591,1417.0,2025-08-27,49.55,toys
8592,1524.0,2024-08-15,33.13,home
8593,1370.0,2024-03-19,421.32,toys
8594,1676.0,2025-06-27,140.57,electronics
8595,1464.0,2024-04-15,102.46,home
8596,1686.0,2024-03-01,481.52,clothing
8597,1799.0,2024-03-26,498.59,books
8598,1655.0,2025-08-22,122.26,books
8599,1534.0,2024-12-14,202.83,electronics
8600,1075.0,2025-04-04,465.09,electronics
8601,1050.0,2024-12-28,246.71,home
8602,1598.0,2024-02-05,69.27,home
8603,1859.0,2025-08-24,428.1,books
8604,1709.0,2025-02-04,320.57,home
8605,1318.0,2024-10-14,336.27,sports
8606,1342.0,2025-01-04,30.24,sports
8607,1943.0,2024-08-13,475.14,electronics
8608,1108.0,2025-01-14,388.07,electronics
8609,1900.0,2024-11-06,196.88,books
8611,1184.0,2024-11-01,216.74,home
8612,1280.0,2024-09-07,297.09,sports
8613,1073.0,2025-11-04,6.67,books
8614,1063.0,2025-08-18,285.3,home
8615,1057.0,2024-04-30,67.58,electronics
8616,1743.0,2024-06-01,397.07,sports
8617,1510.0,2024-02-15,118.77,toys
8618,1295.0,2025-09-22,220.95,sports
8619,1234.0,2024-07-05,353.34,electronics
8620,1164.0,2025-07-26,360.67,books
8621,1023.0,2024-09-05,15.22,clothing
8622,1862.0,2025-11-04,389.16,home
8623,1889.0,2024-03-06,398.76,toys
8624,1879.0,2024-01-03,272.13,home
8625,1903.0,2024-10-18,157.24,electronics
8626,1075.0,2025-03-31,296.61,toys
8627,1685.0,2025-08-30,246.6,toys
8628,1068.0,2024-12-03,391.44,electronics
8629,1577.0,2024-01-22,120.22,electronics
8630,1652.0,2025-10-03,49.24,home
8631,1667.0,2024-05-18,334.41,sports
8632,1947.0,2024-02-29,202.54,home
8633,1468.0,2025-05-22,368.78,home
8634,1642.0,2025-08-25,376.33,clothing
8635,1755.0,2024-09-26,389.71,sports
8636,1470.0,2025-07-11,232.49,toys
8637,1133.0,2024-01-26,245.78,electronics
8638,1957.0,2023-11-19,171.58,electronics
8639,1906.0,2023-12-17,18.67,books
8640,1643.0,2025-02-13,125.87,home
8641,1034.0,2025-09-30,212.7,electronics
8642,1938.0,2025-10-09,339.95,sports
8643,1443.0,2025-08-24,370.49,electronics
8644,1375.0,2025-10-16,296.06,sports
8645,1323.0,2024-10-26,369.44,books
8646,1252.0,2024-07-24,357.57,toys
8648,1266.0,2024-02-02,104.59,home
8649,1305.0,2024-04-22,498.42,toys
8650,1337.0,2025-01-04,428.99,sports
8651,1660.0,2025-04-28,250.5,sports
8652,1093.0,2025-01-28,317.07,toys
8653,1514.0,2025-11-02,219.86,books
8654,1248.0,2025-05-30,463.47,home
8655,1825.0,2024-11-25,381.66,clothing
8656,1932.0,2024-12-06,468.85,toys
8657,1394.0,2024-03-09,44.76,toys
8658,1712.0,2024-05-11,389.43,electronics
8659,1025.0,2025-08-23,81.18,books
8660,1608.0,2023-12-04,376.0,clothing
8661,1994.0,2024-10-02,242.12,clothing
8662,1783.0,2024-07-14,340.32,electronics
8663,1998.0,2025-08-18,161.99,clothing
8664,1008.0,2024-09-26,449.02,clothing
8665,1740.0,2025-07-29,409.97,toys
8666,1321.0,2024-05-24,468.68,sports
8667,1144.0,2024-01-17,417.34,sports
8668,1049.0,2024-10-27,324.83,home
8669,1101.0,2024-03-31,89.9,books
8670,1600.0,2024-06-27,34.81,home
8672,1568.0,2024-12-10,482.0,toys
8673,1004.0,2024-08-15,27.46,books
8674,1437.0,2024-11-19,182.46,home
8675,1450.0,2024-02-17,410.04,electronics
8676,1318.0,2024-03-16,197.73,home
8677,1704.0,2025-03-17,498.59,sports
8678,1099.0,2024-05-09,337.83,books
8679,1702.0,2024-07-09,29.4,toys
8680,1779.0,2025-01-21,202.12,home
8681,1707.0,2024-04-03,303.97,toys
8682,1697.0,2024-02-14,139.85,home
8683,1145.0,2024-12-05,498.04,books
8684,1979.0,2025-03-25,334.96,electronics
8685,1344.0,2025-06-26,470.74,books
8686,1389.0,2025-08-15,477.11,toys
8687,1167.0,2023-12-31,210.97,sports
8688,1134.0,2024-11-22,9.22,home
8689,1793.0,2025-04-28,52.38,clothing
8690,1406.0,2024-10-30,413.94,toys
8691,1520.0,2025-11-06,178.59,clothing
8692,1362.0,2023-11-29,382.99,sports
8693,1434.0,2025-04-12,193.81,toys
8694,1286.0,2025-08-25,384.4,home
8695,1331.0,2024-09-11,484.74,books
8696,1873.0,2024-11-12,470.22,clothing
8697,1183.0,2024-11-29,231.29,toys
8698,1265.0,2025-06-20,363.61,sports
8699,1709.0,2024-11-01,429.1,toys
8700,1565.0,2025-09-08,343.45,sports
8701,1088.0,2023-12-27,393.15,electronics
8702,1955.0,2025-08-16,486.79,sports
8703,1493.0,2024-04-11,50.51,sports
8704,1994.0,2025-03-27,412.18,home
8705,1137.0,2024-04-21,443.93,home
8706,1956.0,2024-09-01,338.41,books
8707,1903.0,2025-01-19,56.64,toys
8708,1894.0,2024-01-04,372.23,sports
8709,1418.0,2024-05-22,305.94,sports
8710,1658.0,2024-06-18,410.26,clothing
8711,1645.0,2024-04-29,463.25,sports
8712,1080.0,2025-04-29,295.6,home
8713,1136.0,2024-07-29,95.17,clothing
8714,1661.0,2024-07-12,262.57,sports
8715,1963.0,2025-06-12,326.56,home
8716,1066.0,2024-12-19,343.21,electronics
8717,1898.0,2025-07-30,227.79,clothing
8718,1394.0,2025-01-29,302.98,electronics
8719,1696.0,2024-12-19,23.36,toys
8720,1839.0,2025-03-20,131.28,books
8721,1742.0,2024-09-04,371.67,books
8722,1314.0,2024-10-30,480.55,home
8723,1278.0,2024-09-12,488.1,toys
8724,1881.0,2025-06-15,54.15,electronics
8725,1230.0,2025-07-14,,clothing
8726,1573.0,2024-05-19,375.33,sports
8727,1026.0,2025-04-18,230.02,clothing
8728,1689.0,2025-02-11,348.01,electronics
8729,1171.0,2024-12-15,238.98,toys
8730,1639.0,2025-09-05,63.38,toys
8731,1993.0,2025-02-04,218.02,books
8732,1724.0,2025-08-31,248.39,books
8733,1966.0,2025-09-10,151.03,books
8734,1001.0,2023-12-11,354.32,clothing
8735,1734.0,2025-10-07,337.1,clothing
8736,1698.0,2025-05-05,252.36,clothing
8737,1743.0,2025-07-30,185.92,sports
8738,1561.0,2024-01-19,,home
8739,1590.0,2025-03-22,299.69,books
8740,1908.0,2024-07-09,342.37,home
8741,1897.0,2025-01-03,324.18,sports
8742,1945.0,2025-02-08,496.82,toys
8743,1287.0,2024-06-10,369.94,clothing
8744,1601.0,2025-05-12,383.8,home
8745,1833.0,2025-06-20,112.56,clothing
8746,1056.0,2024-03-28,426.18,toys
8747,1150.0,2025-04-25,18.17,toys
8748,1206.0,2025-10-31,194.9,clothing
8749,1159.0,2024-04-28,172.34,books
8750,1393.0,2023-11-22,453.7,sports
8751,1339.0,2024-07-07,179.56,books
8752,1870.0,2024-12-19,329.27,books
8753,1462.0,2023-12-07,240.53,books
8754,1445.0,2024-05-13,290.62,toys
8755,1692.0,2024-05-25,230.14,books
8756,1621.0,2025-10-28,147.05,books
8757,1927.0,2024-03-12,285.1,electronics
8758,1325.0,2024-01-04,129.85,home
8759,1086.0,2025-03-07,338.08,books
8760,1808.0,2024-05-09,473.25,books
8761,1861.0,2025-10-05,80.3,electronics
8762,1727.0,2024-03-26,172.79,home
8763,1708.0,2025-10-16,172.51,toys
8764,1885.0,2025-10-10,33.26,toys
8765,1180.0,2024-01-09,16.05,books
8766,1551.0,2023-12-28,351.52,toys
8767,1536.0,2024-09-10,119.93,toys
8768,1089.0,2024-01-10,493.66,electronics
8769,1816.0,2025-03-15,459.53,toys
8770,1202.0,2024-08-30,466.77,home
8771,1720.0,2025-01-16,419.22,clothing
8772,1448.0,2025-06-23,236.03,sports
8773,1278.0,2025-11-09,317.15,electronics
8774,1345.0,2025-08-02,311.33,electronics
8775,1904.0,2025-10-19,290.69,clothing
8776,1073.0,2024-11-01,198.05,books
8777,1808.0,2024-12-29,115.17,electronics
8778,1638.0,2024-06-28,357.55,electronics
8779,1820.0,2024-08-01,148.57,clothing
8780,1386.0,2025-07-20,177.59,books
8781,1410.0,2025-10-09,129.03,electronics
8782,1092.0,2025-04-06,197.88,home
8783,1874.0,2025-10-12,212.61,electronics
8784,1794.0,2025-06-28,11.72,home
8785,1561.0,2024-06-29,38.68,sports
8786,1582.0,2024-04-21,57.65,books
8787,1425.0,2025-06-19,32.47,sports
8788,1470.0,2025-05-04,472.19,toys
8789,1544.0,2025-10-11,36.04,toys
8790,1005.0,2025-01-05,460.17,clothing
8791,1031.0,2025-06-17,31.02,toys
8792,1799.0,2025-01-18,232.56,toys
8793,1722.0,2025-06-17,11.85,home
8794,1324.0,2024-12-18,189.96,clothing
8795,1923.0,2025-02-16,349.42,clothing
8796,1668.0,2025-07-02,445.26,clothing
8797,1121.0,2025-02-05,278.25,sports
8798,1214.0,2025-09-22,22.53,books
8799,1288.0,2024-04-21,292.72,clothing
8800,1819.0,2025-06-26,394.2,sports
8801,1722.0,2025-09-05,190.2,toys
8802,1068.0,2025-07-24,149.6,sports
8803,1317.0,2024-08-12,499.44,books
8804,1002.0,2024-04-12,167.24,toys
8806,1234.0,2025-06-24,54.07,clothing
8807,1182.0,2024-07-06,185.57,books
8808,1393.0,2024-08-14,194.4,electronics
8809,1909.0,2025-09-25,58.7,electronics
8810,1059.0,2024-06-13,179.52,clothing
8811,1093.0,2025-03-22,338.69,toys
8812,1792.0,2025-01-21,102.79,sports
8813,1270.0,2025-07-17,145.56,home
8815,1452.0,2025-10-28,194.1,books
8816,1682.0,2023-12-29,197.45,clothing
8817,1803.0,2024-10-14,223.49,clothing
8818,1852.0,2025-10-03,332.64,toys
8819,1694.0,2024-02-06,125.29,clothing
8820,1719.0,2025-08-02,157.91,electronics
8822,1159.0,2024-07-09,428.15,home
8823,1937.0,2024-11-28,395.99,toys
8824,1181.0,2024-03-20,86.72,toys
8825,1800.0,2025-05-24,425.24,books
8826,1327.0,2024-07-02,439.4,toys
8827,1175.0,2024-11-12,461.67,home
8828,1916.0,2024-11-28,184.22,clothing
8829,1578.0,2024-02-23,109.22,books
8830,1242.0,2024-12-25,130.23,sports
8831,1461.0,2025-06-12,78.59,clothing
8832,1066.0,2025-02-13,292.59,toys
8833,1704.0,2024-06-19,181.18,electronics
8834,1467.0,2024-02-17,159.62,sports
8835,1071.0,2025-06-24,323.33,books
8836,1166.0,2025-09-02,457.62,sports
8837,1254.0,2023-12-19,217.94,home
8838,1359.0,2025-05-19,280.51,clothing
8839,1115.0,2025-08-15,65.04,clothing
8840,1802.0,2024-01-30,94.14,home
8841,1910.0,2025-06-29,297.06,toys
8842,1116.0,2024-09-22,237.7,clothing
8843,1017.0,2025-01-13,139.65,books
8844,1718.0,2025-04-14,75.92,sports
8845,1446.0,2024-06-29,494.96,electronics
8846,1944.0,2024-02-04,116.65,toys
8847,1119.0,2023-12-08,373.64,books
8848,1045.0,2025-04-09,369.91,home
8849,1075.0,2025-02-26,304.49,electronics
8850,1655.0,2024-12-23,225.34,electronics
8851,1821.0,2025-11-09,389.16,home
8852,1107.0,2024-01-13,435.07,books
8853,1954.0,2024-12-19,255.14,toys
8854,1468.0,2024-08-26,206.2,toys
8855,1270.0,2024-12-07,56.77,toys
8856,1268.0,2024-05-13,376.74,sports
8857,1056.0,2023-12-27,457.03,toys
8859,1171.0,2023-11-20,470.38,toys
8860,1327.0,2024-08-15,158.38,sports
8861,1944.0,2025-10-14,282.82,electronics
8862,1315.0,2024-10-28,143.37,sports
8863,1074.0,2024-01-15,417.07,toys
8864,1823.0,2024-08-09,106.71,books
8865,1319.0,2025-05-12,394.16,electronics
8866,1809.0,2023-11-12,9.2,clothing
8867,1646.0,2025-06-10,372.84,sports
8868,1494.0,2025-04-27,38.62,books
8869,1881.0,2024-04-01,227.51,books
8870,1352.0,2024-01-31,428.5,home
8871,1139.0,2025-09-19,137.36,toys
8872,1658.0,2024-09-22,190.02,books
8873,1940.0,2025-05-30,236.36,home
8874,1869.0,2024-10-23,260.1,electronics
8875,1089.0,2025-04-17,42.83,electronics
8876,1190.0,2024-09-10,150.86,sports
8877,1876.0,2024-05-18,28.71,books
8878,1026.0,2024-08-10,233.66,books
8879,1971.0,2024-01-11,162.97,electronics
8880,1092.0,2025-05-02,130.65,clothing
8881,1575.0,2025-02-13,216.51,electronics
8882,1710.0,2024-12-14,386.28,home
8883,1445.0,2025-11-03,423.09,electronics
8884,1616.0,2024-01-28,493.1,toys
8886,1455.0,2025-03-01,238.52,toys
8887,1386.0,2025-07-13,302.89,books
8888,1458.0,2023-12-28,399.39,toys
8889,1136.0,2024-07-01,284.85,clothing
8890,1972.0,2025-04-25,8.66,home
8891,1723.0,2025-03-31,347.57,home
8892,1204.0,2025-05-16,443.36,clothing
8893,1673.0,2025-01-10,269.08,electronics
8894,1330.0,2025-07-31,112.56,books
8896,1634.0,2025-11-04,375.53,books
8897,1614.0,2023-12-17,375.48,home
8898,1230.0,2023-12-03,43.28,electronics
8899,1531.0,2025-03-29,366.28,clothing
8900,1345.0,2024-05-05,149.2,toys
8901,1167.0,2025-02-27,257.61,electronics
8902,1102.0,2025-01-30,147.87,sports
8903,1270.0,2024-01-10,358.57,home
8904,1719.0,2025-09-14,277.76,clothing
8905,1471.0,2025-04-15,461.91,home
8906,1108.0,2024-03-19,,home
8907,1095.0,2024-01-12,224.87,electronics
8908,1298.0,2025-02-24,208.72,books
8909,1901.0,2024-11-16,441.43,electronics
8910,1106.0,2024-05-29,438.67,home
8911,1664.0,2025-02-23,396.69,electronics
8912,1202.0,2024-03-07,151.77,toys
8913,1781.0,2024-10-29,158.41,electronics
8914,1024.0,2024-11-23,139.82,home
8915,1846.0,2025-04-08,414.41,home
8916,1876.0,2023-12-30,216.75,electronics
8917,1508.0,2024-07-10,124.35,electronics
8918,1747.0,2024-11-20,16.33,electronics
8919,1823.0,2025-02-22,424.27,clothing
8920,1996.0,2024-12-19,440.35,toys
8921,1088.0,2024-09-14,230.93,sports
8922,1531.0,2024-09-26,126.81,home
8924,1585.0,2025-07-09,282.21,books
8925,1044.0,2024-02-19,103.63,home
8926,1444.0,2025-06-28,209.77,books
8927,1147.0,2024-09-18,429.43,sports
8928,1462.0,2024-07-17,148.15,toys
8929,1004.0,2023-11-26,378.64,home
8930,1507.0,2024-05-12,328.48,sports
8931,1611.0,2025-07-29,49.4,books
8932,1052.0,2025-07-23,240.16,clothing
8933,1350.0,2025-03-15,444.59,clothing
8934,1664.0,2024-11-20,210.88,electronics
8935,1398.0,2024-08-13,444.81,books
8936,1866.0,2025-07-16,447.83,toys
8938,1428.0,2025-06-30,301.93,toys
8939,1074.0,2025-02-22,15.39,toys
8940,1586.0,2025-09-22,497.08,clothing
8941,1985.0,2025-04-01,41.88,books
8942,1115.0,2024-07-01,136.09,books
8943,1391.0,2024-05-25,380.5,home
8944,1972.0,2024-06-11,307.31,toys
8945,1637.0,2025-01-02,393.7,home
8946,1489.0,2024-05-26,372.82,books
8947,1750.0,2024-07-03,294.52,home
8948,1199.0,2024-10-07,191.55,books
8949,1655.0,2024-04-25,388.22,electronics
8950,1056.0,2024-02-20,77.59,home
8951,1402.0,2024-03-09,385.01,toys
8952,1370.0,2024-10-19,332.51,books
8953,1663.0,2024-08-12,75.43,books
8954,1635.0,2025-09-14,19.19,electronics
8955,1890.0,2025-06-25,248.69,toys
8956,1071.0,2025-05-13,373.41,books
8957,1934.0,2024-07-10,455.48,toys
8958,1186.0,2025-04-23,37.6,home
8959,1142.0,2024-06-04,17.89,books
8960,1329.0,2024-05-25,347.25,books
8961,1190.0,2024-10-01,208.04,clothing
8962,1744.0,2024-06-28,427.41,books
8963,1264.0,2024-06-05,118.79,clothing
8964,1290.0,2024-09-21,214.37,home
8965,1694.0,2024-06-13,228.66,home
8966,1121.0,2025-06-27,181.78,toys
8967,1447.0,2024-06-17,323.42,home
8968,1809.0,2024-02-08,65.49,home
8969,1128.0,2025-07-29,147.75,home
8970,1041.0,2024-10-18,306.13,electronics
8971,1953.0,2024-07-30,213.66,electronics
8972,1259.0,2024-02-18,469.16,home
8973,1253.0,2023-11-14,228.31,toys
8974,1060.0,2025-05-16,131.3,home
8975,1954.0,2024-12-10,207.86,electronics
8976,1110.0,2024-09-11,44.77,electronics
8978,1975.0,2024-04-20,76.64,home
8980,1260.0,2025-02-09,150.39,books
8981,1865.0,2024-05-21,485.39,clothing
8982,1955.0,2024-01-28,294.73,sports
8983,1690.0,2025-01-15,290.04,clothing
8984,1398.0,2024-08-02,121.61,electronics
8985,1350.0,2025-05-30,23.14,sports
8986,1196.0,2025-09-29,137.04,electronics
8987,1533.0,2025-02-28,468.87,clothing
8988,1274.0,2025-04-28,298.09,electronics
8989,1231.0,2023-11-26,353.59,sports
8990,1128.0,2025-02-05,421.61,books
8991,1760.0,2024-02-07,178.7,clothing
8992,1267.0,2024-01-28,105.66,books
8993,1078.0,2025-04-27,127.91,sports
8994,1081.0,2024-01-22,29.08,toys
8995,1226.0,2025-10-23,39.07,books
8996,1002.0,2024-11-25,93.16,toys
8997,1464.0,2025-02-13,362.91,sports
8998,1012.0,2023-12-31,471.66,toys
9000,1897.0,2024-11-14,188.9,toys
9001,1829.0,2025-02-04,40.71,electronics
9002,1471.0,2025-10-22,153.31,home
9003,1926.0,2025-01-08,299.42,toys
9004,1042.0,2023-12-04,217.03,books
9005,1457.0,2025-09-09,338.54,clothing
9006,1788.0,2025-01-01,344.35,books
9007,1463.0,2025-01-13,221.23,books
9008,1224.0,2025-08-19,345.9,toys
9009,1150.0,2024-12-10,453.61,sports
9010,1285.0,2024-07-01,280.3,toys
9011,1450.0,2025-07-10,359.3,clothing
9012,1616.0,2023-12-12,469.12,toys
9013,1087.0,2025-01-19,28.64,electronics
9014,1066.0,2025-11-09,25.78,toys
9015,1300.0,2024-07-31,392.71,clothing
9016,1352.0,2025-06-28,130.76,home
9017,1471.0,2025-01-26,479.28,home
9018,1132.0,2024-02-28,437.92,toys
9019,1271.0,2025-06-28,348.78,books
9020,1130.0,2023-12-20,19.57,toys
9021,1904.0,2025-04-19,163.36,books
9022,1651.0,2025-01-22,441.5,books
9023,1444.0,2023-11-30,198.77,toys
9024,1696.0,2025-11-03,20.81,sports
9025,1778.0,2024-02-13,187.92,toys
9026,1907.0,2024-07-22,328.88,books
9028,1973.0,2025-02-04,287.29,electronics
9029,1550.0,2023-12-07,101.27,toys
9030,1176.0,2023-11-12,125.58,sports
9031,1426.0,2024-12-10,466.54,clothing
9032,1255.0,2025-10-07,79.52,books
9033,1810.0,2024-06-29,340.1,books
9034,1751.0,2024-08-22,189.27,books
9035,1887.0,2024-04-27,15.73,electronics
9036,1927.0,2023-11-27,118.95,home
9037,1173.0,2025-03-30,63.32,home
9038,1026.0,2024-07-15,175.2,clothing
9039,1569.0,2024-09-15,64.03,electronics
9040,1355.0,2025-10-26,110.83,home
9041,1944.0,2024-01-20,224.97,toys
9042,1318.0,2025-02-21,306.34,home
9043,1552.0,2025-01-19,413.76,sports
9044,1551.0,2025-04-01,462.43,sports
9045,1735.0,2025-07-14,,electronics
9046,1364.0,2024-08-03,248.48,clothing
9047,1619.0,2024-03-07,44.77,sports
9048,1716.0,2025-05-03,227.27,clothing
9049,1531.0,2025-02-18,388.59,toys
9050,1007.0,2024-02-09,446.61,sports
9051,1740.0,2023-12-06,387.9,clothing
9052,1738.0,2025-03-18,269.16,electronics
9053,1790.0,2025-10-05,123.24,sports
9054,1950.0,2025-03-13,418.7,sports
9055,1478.0,2025-07-10,163.57,electronics
9056,1875.0,2024-10-26,303.32,toys
9057,1854.0,2025-02-21,258.05,electronics
9058,1110.0,2024-03-16,286.99,toys
9059,1353.0,2023-12-26,409.73,clothing
9060,1864.0,2024-11-16,124.35,toys
9061,1524.0,2025-02-12,378.36,toys
9062,1291.0,2025-06-07,324.13,clothing
9063,1995.0,2025-10-21,65.94,clothing
9064,1264.0,2025-09-28,222.7,sports
9065,1024.0,2023-12-28,,electronics
9066,1573.0,2025-04-28,478.86,home
9067,1808.0,2024-05-02,473.09,books
9068,1619.0,2025-05-30,35.58,clothing
9069,1551.0,2025-09-29,413.42,electronics
9070,1205.0,2024-10-03,107.72,toys
9071,1694.0,2024-01-21,73.99,home
9072,1991.0,2024-12-27,36.36,toys
9073,1202.0,2025-07-20,217.34,toys
9074,1838.0,2024-09-03,485.79,books
9075,1781.0,2025-10-08,8.16,toys
9076,1692.0,2025-04-27,490.58,toys
9077,1674.0,2023-11-19,213.54,home
9078,1923.0,2024-05-08,479.54,sports
9079,1529.0,2024-03-17,39.66,electronics
9080,1726.0,2025-03-09,199.64,electronics
9081,1320.0,2024-08-25,371.16,home
9082,1987.0,2024-11-24,412.33,electronics
9083,1708.0,2025-02-14,188.36,toys
9084,1226.0,2024-10-22,470.03,sports
9085,1384.0,2024-04-11,70.45,electronics
9086,1991.0,2025-01-01,74.35,clothing
9087,1508.0,2023-12-08,56.18,toys
9088,1337.0,2024-12-15,19.93,clothing
9089,1414.0,2024-06-11,291.91,clothing
9090,1772.0,2024-01-13,51.67,clothing
9091,1328.0,2024-11-30,430.81,electronics
9093,1037.0,2023-12-08,168.81,books
9094,1382.0,2024-06-18,102.33,electronics
9095,1073.0,2024-09-25,14.22,sports
9096,1484.0,2025-06-16,248.49,clothing
9097,1473.0,2024-09-14,270.27,clothing
9098,1625.0,2024-10-27,493.92,books
9099,1914.0,2025-04-01,379.49,toys
9100,1164.0,2025-08-25,77.21,electronics
9101,1306.0,2025-04-02,16.68,home
9102,1273.0,2024-08-07,170.35,clothing
9103,1625.0,2024-12-27,332.72,home
9104,1330.0,2025-02-25,339.55,clothing
9105,1345.0,2023-11-19,66.73,electronics
9106,1126.0,2025-04-04,481.98,home
9107,1326.0,2025-10-07,405.95,clothing
9108,1643.0,2025-05-05,130.2,books
9109,1050.0,2024-10-08,,books
9110,1003.0,2024-01-16,258.21,home
9111,1645.0,2025-04-23,289.48,toys
9112,1292.0,2024-01-23,211.67,books
9113,1857.0,2024-05-09,19.57,sports
9115,1498.0,2025-10-03,37.76,toys
9116,1107.0,2024-08-07,145.04,sports
9117,1926.0,2024-11-05,317.84,toys
9119,1220.0,2024-09-25,384.61,books
9120,1389.0,2025-06-08,467.37,clothing
9121,1975.0,2025-10-30,179.29,books
9122,1664.0,2024-06-02,49.5,electronics
9123,1804.0,2024-10-09,45.41,sports
9124,1344.0,2024-05-28,227.73,clothing
9125,1919.0,2025-03-03,142.3,toys
9126,1172.0,2025-10-14,231.86,sports
9127,1795.0,2024-11-08,185.6,clothing
9128,1167.0,2023-12-09,80.49,sports
9129,1418.0,2023-11-14,74.95,home
9130,1220.0,2024-06-11,116.46,home
9131,1746.0,2024-04-26,470.86,electronics
9132,1390.0,2025-07-20,126.08,toys
9133,1792.0,2025-04-08,166.77,sports
9134,1620.0,2024-06-29,171.19,clothing
9135,1581.0,2024-12-22,341.29,electronics
9136,1008.0,2023-12-26,403.3,home
9137,1276.0,2024-11-16,351.53,sports
9138,1462.0,2024-05-29,281.94,sports
9139,1187.0,2024-06-03,370.17,home
9140,1130.0,2024-08-21,187.82,clothing
9141,1714.0,2024-03-11,391.8,books
9142,1001.0,2025-05-27,259.01,home
9143,1506.0,2025-09-05,372.5,books
9144,1045.0,2024-12-04,456.45,clothing
9145,1136.0,2025-02-23,100.5,sports
9146,1046.0,2024-02-10,373.85,toys
9147,1265.0,2024-07-02,270.8,electronics
9148,1261.0,2025-06-15,445.73,clothing
9149,1244.0,2025-02-13,247.36,books
9150,1758.0,2024-03-31,133.14,home
9151,1309.0,2024-10-12,169.75,books
9152,1529.0,2025-02-16,143.79,electronics
9153,1748.0,2024-10-08,84.61,toys
9154,1063.0,2024-06-02,10.0,toys
9155,1992.0,2024-02-12,359.94,sports
9156,1577.0,2024-12-30,95.96,home
9157,1014.0,2024-08-22,20.55,electronics
9158,1443.0,2024-02-15,203.75,clothing
9159,1961.0,2024-08-07,270.53,toys
9160,1572.0,2024-02-20,426.44,books
9161,1881.0,2025-04-07,390.15,home
9162,1406.0,2024-09-06,474.13,toys
9163,1858.0,2025-08-21,164.0,clothing
9164,1497.0,2025-03-24,332.94,toys
9165,1268.0,2024-10-14,205.2,books
9166,1516.0,2024-04-07,292.89,books
9167,1776.0,2024-02-20,220.19,books
9168,1577.0,2025-03-06,340.04,electronics
9169,1350.0,2024-07-25,252.64,electronics
9170,1396.0,2025-05-09,391.38,sports
9171,1344.0,2024-10-19,40.49,clothing
9172,1486.0,2025-06-03,71.94,books
9173,1017.0,2025-01-01,,books
9174,1203.0,2024-05-30,388.36,toys
9175,1542.0,2024-01-09,242.0,sports
9176,1358.0,2025-04-15,431.79,home
9177,1023.0,2025-09-19,265.53,home
9178,1518.0,2025-01-14,200.63,home
9179,1522.0,2024-08-29,228.33,toys
9180,1456.0,2024-11-13,492.86,clothing
9181,1660.0,2025-08-29,357.67,clothing
9182,1649.0,2024-09-30,329.64,books
9183,1972.0,2024-11-05,231.35,home
9184,1799.0,2025-01-24,244.38,home
9185,1954.0,2025-10-30,97.89,electronics
9186,1599.0,2024-01-05,307.3,home
9187,1422.0,2023-12-23,463.23,books
9188,1246.0,2025-07-05,298.23,electronics
9189,1930.0,2024-02-08,452.38,clothing
9190,1635.0,2023-11-24,98.44,home
9191,1437.0,2025-03-07,120.4,electronics
9192,1228.0,2025-07-04,269.72,home
9193,1606.0,2025-09-07,415.69,toys
9195,1839.0,2025-07-02,399.14,home
9196,1841.0,2025-07-30,274.76,books
9197,1343.0,2025-07-23,99.6,electronics
9198,1888.0,2025-03-14,321.77,sports
9199,1980.0,2025-03-22,458.25,electronics
9200,1604.0,2025-06-02,237.96,home
9201,1653.0,2025-01-12,14.91,toys
9202,1783.0,2024-03-18,461.64,toys
9203,1559.0,2024-01-15,135.24,sports
9204,1479.0,2025-01-27,280.96,toys
9205,1182.0,2025-09-28,371.18,electronics
9206,1723.0,2025-08-15,212.92,sports
9207,1553.0,2025-02-01,128.86,clothing
9208,1382.0,2024-08-25,315.57,toys
9209,1319.0,2025-05-12,443.99,electronics
9210,1040.0,2025-08-28,399.19,toys
9212,1043.0,2025-05-31,269.17,sports
9213,1584.0,2025-09-08,49.2,electronics
9214,1369.0,2025-09-06,235.07,books
9215,1583.0,2025-06-27,233.27,books
9216,1164.0,2023-11-21,368.64,electronics
9217,1426.0,2024-03-21,124.45,clothing
9218,1017.0,2024-01-16,291.51,toys
9219,1541.0,2024-08-30,80.84,home
9220,1752.0,2024-06-06,288.28,sports
9221,1195.0,2024-01-24,272.22,toys
9222,1858.0,2024-06-16,393.69,electronics
9223,1474.0,2024-10-22,36.95,home
9224,1759.0,2024-04-25,429.16,clothing
9225,1179.0,2024-01-15,465.53,toys
9227,1615.0,2024-01-18,490.9,home
9228,1478.0,2024-11-28,204.84,clothing
9229,1538.0,2024-03-07,29.82,clothing
9230,1830.0,2025-03-01,422.36,toys
9231,1525.0,2024-10-25,434.58,clothing
9232,1387.0,2024-05-20,442.63,clothing
9233,1307.0,2024-08-03,210.25,toys
9234,1600.0,2025-06-30,173.77,toys
9235,1865.0,2024-11-25,314.35,home
9236,1678.0,2024-09-15,410.24,books
9237,1251.0,2025-08-28,123.72,sports
9238,1017.0,2025-02-27,404.85,toys
9239,1376.0,2024-12-07,180.21,home
9240,1705.0,2024-02-10,40.36,books
9241,1500.0,2024-12-01,8.01,home
9242,1343.0,2024-02-23,156.21,toys
9243,1957.0,2024-02-27,492.76,clothing
9244,1290.0,2025-11-03,124.88,electronics
9245,1007.0,2024-11-01,35.64,books
9246,1112.0,2024-04-21,210.22,clothing
9247,1172.0,2024-06-12,346.7,books
9248,1411.0,2024-09-07,155.16,clothing
9249,1312.0,2024-07-27,102.58,clothing
9250,1365.0,2025-01-16,158.34,toys
9251,1165.0,2024-07-08,366.25,electronics
9252,1110.0,2025-02-20,435.4,books
9253,1833.0,2023-11-26,5.58,clothing
9254,1024.0,2023-12-14,137.96,electronics
9255,1664.0,2025-09-14,51.86,home
9256,1861.0,2024-01-24,436.14,toys
9257,1234.0,2025-05-16,96.68,sports
9258,1468.0,2025-03-24,297.27,toys
9259,1189.0,2024-01-11,31.19,books
9260,1442.0,2025-07-24,254.91,toys
9261,1715.0,2024-07-14,338.61,electronics
9262,1505.0,2025-09-22,490.98,home
9263,1629.0,2024-11-27,239.99,books
9264,1742.0,2024-11-01,228.46,clothing
9265,1993.0,2025-08-03,253.62,home
9266,1143.0,2024-09-20,439.7,books
9268,1132.0,2024-02-11,151.38,toys
9269,1250.0,2025-03-22,338.24,sports
9270,1758.0,2025-02-22,259.74,sports
9271,1103.0,2025-07-24,279.53,home
9272,1851.0,2025-07-23,114.34,electronics
9273,1189.0,2024-09-19,190.97,clothing
9274,1855.0,2024-04-13,197.04,home
9275,1392.0,2024-09-07,463.19,home
9276,1779.0,2024-06-23,240.68,home
9277,1763.0,2025-03-02,486.92,electronics
9278,1546.0,2025-03-23,304.01,clothing
9279,1943.0,2025-05-31,187.96,sports
9280,1197.0,2025-08-26,78.52,clothing
9282,1734.0,2024-01-19,482.67,toys
9283,1892.0,2024-02-16,95.23,sports
9284,1591.0,2024-06-10,11.78,toys
9285,1784.0,2025-11-03,34.15,electronics
9286,1991.0,2024-03-31,218.88,home
9287,1853.0,2025-03-01,114.22,books
9288,1563.0,2024-12-29,416.34,sports
9289,1214.0,2025-07-21,161.66,electronics
9290,1271.0,2025-06-28,240.64,home
9291,1900.0,2024-10-18,436.11,toys
9292,1622.0,2023-12-28,318.84,sports
9293,1939.0,2025-03-12,357.57,toys
9295,1339.0,2024-09-18,169.16,books
9296,1591.0,2024-01-19,302.5,toys
9297,1410.0,2023-12-06,107.79,toys
9298,1913.0,2024-05-08,59.27,electronics
9299,1150.0,2025-04-05,113.24,clothing
9300,1969.0,2024-11-05,357.64,electronics
9301,1757.0,2025-02-17,208.33,books
9302,1989.0,2024-09-18,93.12,clothing
9303,1602.0,2024-12-03,15.51,toys
9304,1069.0,2025-06-20,477.21,sports
9305,1066.0,2025-07-24,303.34,sports
9306,1101.0,2025-05-15,81.24,books
9307,1786.0,2025-06-03,394.32,electronics
9308,1333.0,2025-08-26,19.72,sports
9309,1161.0,2024-12-16,345.04,clothing
9310,1453.0,2024-08-01,497.79,toys
9311,1601.0,2024-12-06,419.28,books
9313,1163.0,2025-04-14,216.5,home
9314,1211.0,2025-04-23,145.87,toys
9315,1937.0,2025-02-03,303.44,sports
9316,1866.0,2024-12-14,86.6,books
9317,1060.0,2025-05-14,33.2,toys
9318,1852.0,2025-01-04,449.63,sports
9319,1821.0,2025-07-04,364.89,toys
9320,1317.0,2023-11-12,268.52,home
9321,1565.0,2024-11-02,216.43,electronics
9322,1485.0,2024-04-14,218.67,electronics
9323,1725.0,2025-03-13,145.59,books
9324,1990.0,2024-11-24,444.84,toys
9325,1147.0,2025-06-29,82.43,home
9327,1851.0,2025-07-27,227.84,clothing
9328,1346.0,2024-09-08,360.94,toys
9329,1292.0,2025-05-02,169.87,books
9330,1404.0,2025-10-10,318.67,books
9331,1852.0,2025-02-16,124.11,books
9332,1500.0,2025-06-17,235.62,sports
9333,1056.0,2025-08-04,57.47,electronics
9334,1028.0,2025-03-19,86.65,clothing
9335,1968.0,2025-05-12,398.49,home
9336,1937.0,2023-11-21,264.92,electronics
9337,1064.0,2025-10-28,131.23,electronics
9338,1956.0,2025-09-26,204.06,electronics
9339,1522.0,2024-01-02,399.2,electronics
9340,1937.0,2025-07-08,479.74,clothing
9341,1624.0,2025-02-25,81.34,toys
9342,1945.0,2024-07-06,473.61,home
9343,1978.0,2024-08-21,265.37,electronics
9344,1111.0,2025-06-04,435.86,electronics
9345,1605.0,2025-07-17,51.18,books
9346,1917.0,2025-05-02,11.32,toys
9347,1215.0,2025-01-08,215.0,clothing
9348,1993.0,2024-12-09,188.61,books
9349,1177.0,2025-07-21,15.33,clothing
9350,1513.0,2024-09-04,316.63,sports
9351,1946.0,2024-03-07,444.69,toys
9352,1558.0,2024-12-24,435.8,toys
9353,1081.0,2025-08-21,469.86,home
9354,1811.0,2025-04-30,311.58,clothing
9355,1033.0,2024-09-06,69.48,home
9356,1336.0,2025-07-19,280.26,books
9357,1651.0,2024-06-04,63.71,home
9358,1036.0,2025-06-09,377.28,home
9359,1705.0,2024-09-07,72.17,sports
9360,1144.0,2025-01-11,,clothing
9361,1720.0,2025-05-14,181.88,toys
9362,1310.0,2025-03-27,430.76,books
9363,1748.0,2025-06-16,136.24,electronics
9364,1203.0,2024-12-15,335.96,sports
9365,1985.0,2025-11-05,29.73,sports
9366,1422.0,2024-07-05,75.56,books
9367,1285.0,2025-02-15,244.97,clothing
9368,1873.0,2024-04-13,493.22,home
9369,1895.0,2024-03-13,246.02,toys
9370,1593.0,2024-11-18,200.12,toys
9371,1740.0,2024-11-12,225.22,toys
9372,1944.0,2024-05-22,232.28,books
9373,1901.0,2024-11-11,181.16,electronics
9374,1674.0,2024-05-16,157.25,books
9375,1444.0,2025-09-03,263.53,toys
9376,1781.0,2024-11-17,178.31,sports
9377,1701.0,2024-04-21,169.8,clothing
9378,1316.0,2025-08-09,249.02,clothing
9379,1833.0,2025-06-27,387.5,sports
9380,1080.0,2025-10-11,183.17,electronics
9381,1043.0,2025-01-10,77.79,clothing
9382,1323.0,2024-11-18,252.72,toys
9383,1182.0,2025-02-08,292.38,books
9384,1067.0,2025-09-26,439.72,clothing
9385,1660.0,2024-03-08,97.56,home
9386,1591.0,2023-12-14,283.86,electronics
9388,1520.0,2025-02-28,450.34,books
9389,1860.0,2025-06-12,145.8,toys
9390,1500.0,2025-08-03,226.99,home
9391,1876.0,2025-07-18,427.89,home
9392,1348.0,2024-03-21,177.25,clothing
9393,1516.0,2024-02-06,378.61,books
9394,1073.0,2024-04-17,352.07,home
9395,1283.0,2025-07-09,98.84,home
9396,1340.0,2024-03-24,384.93,sports
9397,1815.0,2025-07-27,464.23,books
9398,1962.0,2024-01-19,334.42,books
9399,1129.0,2025-02-08,151.25,sports
9400,1134.0,2024-04-17,272.53,clothing
9401,1391.0,2024-04-01,66.37,toys
9402,1579.0,2024-10-29,62.63,toys
9403,1903.0,2025-09-18,304.26,toys
9404,1500.0,2024-06-24,360.0,sports
9405,1162.0,2024-04-14,16.92,sports
9406,1902.0,2025-05-01,215.85,clothing
9407,1914.0,2024-06-02,421.84,toys
9408,1515.0,2024-02-26,94.14,home
9409,1295.0,2023-12-25,177.9,electronics
9410,1475.0,2025-07-17,409.57,electronics
9411,1440.0,2025-08-11,275.77,home
9412,1223.0,2025-08-26,170.98,electronics
9413,1764.0,2024-06-09,71.77,home
9414,1445.0,2025-06-23,273.19,toys
9415,1459.0,2024-04-03,401.06,clothing
9416,1222.0,2024-05-19,334.29,clothing
9417,1817.0,2025-08-09,337.42,sports
9418,1947.0,2023-11-12,269.73,books
9419,1843.0,2024-06-20,429.2,toys
9420,1792.0,2025-10-27,5.27,sports
9421,1492.0,2025-10-03,199.98,clothing
9422,1972.0,2024-01-27,371.0,sports
9423,1850.0,2025-10-24,268.58,books
9424,1752.0,2024-05-06,373.28,electronics
9425,1728.0,2024-09-03,133.59,books
9426,1876.0,2024-12-09,297.09,toys
9427,1523.0,2024-07-14,377.25,clothing
9428,1214.0,2025-05-07,289.08,sports
9429,1276.0,2024-12-30,26.9,electronics
9430,1401.0,2025-05-28,478.16,electronics
9431,1773.0,2025-05-11,200.5,electronics
9433,1366.0,2025-01-16,367.55,sports
9434,1450.0,2023-12-26,388.32,sports
9435,1833.0,2025-06-19,400.82,home
9436,1050.0,2024-01-15,30.61,toys
9437,1426.0,2024-10-26,246.4,sports
9438,1309.0,2025-03-22,460.64,books
9439,1201.0,2025-03-10,428.81,toys
9440,1911.0,2024-04-16,497.0,sports
9441,1999.0,2024-04-22,407.09,toys
9442,1111.0,2024-09-19,444.7,sports
9443,1915.0,2024-02-09,26.07,books
9444,1049.0,2024-04-29,14.37,home
9446,1378.0,2024-11-17,320.74,sports
9447,1947.0,2024-07-25,269.15,sports
9448,1424.0,2024-11-18,55.96,clothing
9449,1844.0,2025-10-05,109.23,sports
9450,1544.0,2025-05-06,254.76,books
9451,1620.0,2025-08-26,298.95,home
9452,1402.0,2025-01-16,159.49,sports
9453,1666.0,2024-07-17,468.15,home
9454,1238.0,2024-04-25,469.52,toys
9455,1416.0,2024-01-02,32.09,sports
9456,1683.0,2024-05-31,336.53,home
9457,1404.0,2025-04-06,495.66,toys
9458,1940.0,2025-09-04,216.8,books
9459,1553.0,2024-03-20,64.96,sports
9460,1956.0,2025-01-26,309.81,home
9461,1526.0,2023-12-27,207.33,home
9462,1676.0,2025-01-14,13.88,toys
9463,1920.0,2024-10-02,251.99,sports
9464,1553.0,2024-10-19,467.31,books
9465,1916.0,2024-05-01,416.01,home
9466,1182.0,2024-10-06,40.26,books
9467,1911.0,2024-06-13,351.84,home
9468,1575.0,2025-05-31,214.55,clothing
9470,1234.0,2025-02-13,484.23,home
9471,1593.0,2024-02-10,421.13,clothing
9472,1184.0,2024-05-22,412.82,toys
9473,1802.0,2025-10-17,38.06,home
9474,1607.0,2024-09-13,326.44,home
9475,1393.0,2024-11-24,464.33,electronics
9476,1167.0,2025-07-26,,toys
9477,1543.0,2025-03-15,363.63,sports
9478,1657.0,2024-05-05,205.14,books
9479,1576.0,2024-06-27,283.15,clothing
9480,1569.0,2024-05-30,118.23,electronics
9481,1295.0,2025-08-15,109.13,clothing
9482,1745.0,2025-01-07,201.4,books
9483,1623.0,2024-03-21,197.11,clothing
9484,1358.0,2025-09-19,475.17,clothing
9485,1114.0,2025-04-01,35.91,toys
9486,1463.0,2024-01-21,182.77,home
9487,1555.0,2024-06-23,78.45,books
9488,1164.0,2023-11-17,66.5,clothing
9489,1312.0,2024-03-29,190.29,electronics
9490,1938.0,2024-04-02,53.35,clothing
9491,1193.0,2024-08-18,12.24,home
9492,1586.0,2023-11-13,166.77,books
9493,1756.0,2024-12-14,51.64,sports
9494,1113.0,2024-12-04,278.16,home
9495,1686.0,2024-01-19,291.71,clothing
9496,1859.0,2024-01-28,161.12,electronics
9497,1410.0,2024-03-10,37.5,books
9498,1465.0,2024-03-19,456.78,books
9499,1619.0,2023-12-15,187.28,electronics
9500,1554.0,2024-09-27,194.08,toys
9501,1047.0,2025-07-12,206.62,home
9502,1797.0,2025-05-06,153.03,clothing
9503,1703.0,2024-02-06,463.26,clothing
9504,1333.0,2025-01-09,420.97,books
9505,1446.0,2024-03-17,127.26,clothing
9506,1254.0,2025-07-24,484.07,toys
9507,1603.0,2025-01-18,282.0,clothing
9508,1922.0,2024-06-05,289.85,books
9509,1531.0,2024-02-15,411.05,sports
9510,1403.0,2025-09-15,383.85,sports
9511,1067.0,2025-01-04,275.69,clothing
9513,1859.0,2024-11-29,207.42,toys
9514,1229.0,2024-07-23,209.23,sports
9515,1816.0,2024-12-08,271.39,home
9516,1238.0,2025-10-08,292.42,sports
9517,1888.0,2025-08-06,323.88,toys
9518,1817.0,2025-10-15,389.17,books
9519,1229.0,2025-01-08,463.46,electronics
9520,1080.0,2024-03-07,424.68,books
9521,1110.0,2024-06-20,84.4,toys
9523,1780.0,2025-02-03,498.62,clothing
9524,1727.0,2024-01-28,24.52,sports
9525,1280.0,2025-08-23,206.94,books
9526,1551.0,2025-03-25,337.8,sports
9527,1627.0,2025-01-05,191.58,toys
9528,1214.0,2025-10-17,450.1,home
9529,1400.0,2025-01-31,451.0,electronics
9530,1205.0,2025-08-20,28.36,sports
9531,1841.0,2025-06-04,81.73,toys
9532,1588.0,2025-01-02,482.88,sports
9533,1422.0,2025-07-22,332.44,clothing
9534,1914.0,2024-08-13,408.35,clothing
9535,1411.0,2024-10-29,447.7,clothing
9536,1999.0,2025-04-01,305.42,clothing
9537,1474.0,2025-10-18,171.66,clothing
9538,1323.0,2024-09-12,480.21,toys
9539,1164.0,2025-07-21,103.94,books
9540,1497.0,2024-07-06,465.42,electronics
9541,1324.0,2024-04-06,180.48,sports
9542,1945.0,2024-06-11,104.36,sports
9543,1339.0,2023-12-15,21.85,electronics
9544,1190.0,2024-02-15,219.22,sports
9545,1783.0,2024-05-14,31.88,toys
9546,1068.0,2024-01-15,17.21,toys
9547,1538.0,2025-10-11,373.42,home
9548,1388.0,2025-10-06,427.66,sports
9549,1765.0,2025-01-25,474.78,electronics
9550,1378.0,2024-10-31,459.28,home
9551,1852.0,2024-12-01,140.71,sports
9552,1298.0,2025-09-01,30.83,clothing
9553,1632.0,2025-08-08,121.94,clothing
9554,1627.0,2024-11-02,19.03,home
9555,1983.0,2025-03-17,267.27,electronics
9556,1230.0,2023-11-16,383.31,home
9557,1068.0,2025-09-14,441.03,clothing
9558,1776.0,2024-08-13,476.22,books
9559,1172.0,2025-02-11,446.07,home
9560,1930.0,2024-04-09,271.42,home
9561,1766.0,2025-07-17,472.9,sports
9562,1817.0,2024-09-11,55.62,books
9563,1405.0,2024-12-29,362.26,toys
9564,1828.0,2024-06-23,121.97,clothing
9565,1794.0,2025-05-26,13.87,books
9566,1570.0,2024-11-25,68.94,toys
9567,1283.0,2023-12-06,134.79,books
9568,1854.0,2024-12-31,185.15,home
9569,1884.0,2025-05-20,406.78,electronics
9570,1065.0,2024-07-13,262.47,books
9572,1890.0,2023-11-12,332.83,books
9573,1610.0,2024-01-10,32.95,home
9574,1751.0,2025-03-31,35.18,sports
9575,1181.0,2024-12-09,174.83,sports
9576,1176.0,2024-04-10,349.88,home
9577,1470.0,2024-08-17,490.66,sports
9578,1051.0,2024-03-02,305.17,books
9579,1499.0,2025-07-16,197.52,clothing
9580,1112.0,2025-07-07,68.41,sports
9581,1070.0,2024-04-23,43.9,clothing
9582,1367.0,2024-08-05,92.13,sports
9583,1575.0,2023-11-20,317.13,electronics
9584,1161.0,2025-09-05,14.75,books
9585,1978.0,2025-02-06,329.86,toys
9586,1836.0,2025-01-09,173.43,electronics
9587,1107.0,2025-04-07,455.07,sports
9588,1262.0,2024-12-14,43.56,home
9589,1187.0,2024-11-27,154.33,clothing
9591,1021.0,2024-11-26,422.49,sports
9592,1011.0,2024-08-17,161.27,clothing
9593,1291.0,2024-12-05,243.95,books
9594,1653.0,2025-05-02,268.87,toys
9595,1489.0,2024-04-08,487.14,sports
9596,1918.0,2024-11-13,154.78,sports
9598,1143.0,2024-03-16,54.48,home
9599,1122.0,2025-03-26,101.95,electronics
9600,1938.0,2024-06-10,327.03,clothing
9601,1670.0,2025-09-28,352.0,toys
9602,1822.0,2025-03-15,85.84,sports
9603,1588.0,2024-06-19,268.9,books
9604,1582.0,2024-09-30,227.82,clothing
9605,1093.0,2025-01-02,201.41,toys
9606,1302.0,2025-08-02,15.68,books
9607,1156.0,2024-08-17,361.63,sports
9608,1241.0,2023-12-19,421.73,clothing
9609,1620.0,2024-01-04,420.52,home
9610,1742.0,2024-05-07,7.23,toys
9611,1992.0,2024-01-25,402.59,toys
9613,1128.0,2025-07-25,47.86,home
9614,1694.0,2025-09-05,433.61,home
9615,1008.0,2025-07-29,447.59,toys
9616,1785.0,2025-08-23,168.91,electronics
9617,1305.0,2024-12-30,213.04,toys
9618,1015.0,2024-07-14,248.61,electronics
9619,1403.0,2024-03-04,480.96,electronics
9620,1151.0,2025-07-22,83.5,sports
9621,1253.0,2025-01-24,243.85,electronics
9622,1447.0,2024-05-02,133.86,electronics
9623,1737.0,2023-12-21,53.77,toys
9624,1288.0,2025-02-04,447.07,books
9625,1976.0,2025-06-23,140.24,books
9626,1706.0,2025-10-05,423.88,clothing
9628,1330.0,2024-02-06,210.58,home
9629,1581.0,2025-08-25,14.19,toys
9631,1173.0,2025-10-01,267.94,toys
9632,1007.0,2024-12-14,353.76,toys
9633,1798.0,2023-12-27,109.63,home
9634,1579.0,2025-03-28,145.23,toys
9635,1075.0,2024-01-30,431.31,books
9636,1860.0,2024-11-18,266.39,books
9637,1948.0,2024-03-07,202.98,sports
9638,1726.0,2024-06-10,85.07,home
9639,1530.0,2024-03-09,235.41,home
9640,1152.0,2023-12-22,337.12,electronics
9641,1409.0,2025-07-21,203.02,home
9642,1770.0,2024-05-21,42.86,books
9643,1386.0,2023-11-10,443.55,clothing
9644,1064.0,2024-09-01,85.82,electronics
9645,1248.0,2025-06-30,386.89,clothing
9646,1875.0,2025-01-23,304.96,sports
9647,1341.0,2025-04-07,476.82,home
9648,1626.0,2024-12-31,161.12,home
9649,1815.0,2023-12-07,300.55,electronics
9650,1513.0,2025-02-04,366.23,sports
9651,1092.0,2025-02-02,24.87,sports
9652,1232.0,2025-06-22,448.36,clothing
9653,1670.0,2025-01-13,413.69,books
9654,1579.0,2024-02-21,302.98,sports
9655,1246.0,2024-12-29,170.18,sports
9656,1838.0,2024-07-10,286.86,sports
9657,1719.0,2024-11-07,424.33,books
9658,1184.0,2025-06-04,18.04,books
9659,1823.0,2023-11-21,20.43,toys
9660,1090.0,2024-02-14,272.25,sports
9661,1349.0,2025-02-07,114.86,electronics
9662,1001.0,2025-02-27,76.55,clothing
9664,1482.0,2025-02-04,335.5,toys
9665,1611.0,2024-08-12,437.43,home
9666,1996.0,2023-11-17,41.95,sports
9667,1951.0,2025-09-10,495.07,toys
9668,1494.0,2025-05-30,318.42,electronics
9669,1738.0,2024-03-12,329.24,toys
9671,1235.0,2024-10-29,110.49,toys
9672,1265.0,2025-11-03,434.59,books
9673,1223.0,2024-04-20,137.73,clothing
9674,1041.0,2024-09-30,24.14,clothing
9675,1940.0,2025-11-03,430.48,home
9676,1893.0,2025-03-14,60.83,clothing
9677,1009.0,2025-03-13,40.24,clothing
9678,1514.0,2024-04-18,388.56,sports
9679,1747.0,2025-02-01,356.74,toys
9680,1385.0,2025-05-29,239.27,electronics
9681,1521.0,2024-09-05,258.96,sports
9682,1474.0,2025-03-22,305.55,books
9683,1484.0,2025-02-02,162.03,home
9684,1032.0,2025-07-21,343.97,clothing
9685,1425.0,2025-10-21,378.35,toys
9686,1195.0,2025-05-20,136.34,sports
9687,1531.0,2024-06-16,306.88,sports
9688,1775.0,2024-08-11,294.68,books
9689,1378.0,2025-10-20,422.22,home
9690,1651.0,2025-11-03,417.35,electronics
9691,1104.0,2024-05-15,53.58,books
9692,1967.0,2024-02-14,458.01,electronics
9693,1378.0,2023-12-03,369.66,electronics
9694,1159.0,2024-06-17,299.69,toys
9695,1244.0,2024-05-02,182.05,clothing
9696,1725.0,2024-06-19,284.6,books
9697,1679.0,2025-01-22,477.78,toys
9698,1188.0,2024-05-17,146.13,home
9699,1744.0,2025-04-06,474.43,sports
9700,1832.0,2025-04-10,332.47,sports
9701,1185.0,2025-10-03,115.86,clothing
9703,1895.0,2024-12-16,212.74,electronics
9704,1528.0,2024-11-21,94.11,toys
9705,1633.0,2025-07-08,275.69,sports
9706,1496.0,2024-09-03,389.1,toys
9707,1047.0,2024-06-02,91.29,toys
9708,1947.0,2023-12-11,11.42,home
9709,1423.0,2025-09-01,102.13,toys
9710,1060.0,2024-12-21,80.4,books
9711,1439.0,2025-10-07,105.63,electronics
9712,1498.0,2025-11-01,333.71,clothing
9713,1515.0,2024-11-13,75.31,electronics
9714,1492.0,2024-12-01,83.81,clothing
9715,1054.0,2024-09-08,278.03,sports
9716,1226.0,2024-09-08,310.28,toys
9717,1973.0,2025-10-30,325.13,home
9718,1870.0,2024-06-29,168.0,home
9719,1253.0,2025-09-23,68.57,clothing
9720,1251.0,2024-12-09,61.17,sports
9721,1124.0,2025-10-08,174.08,clothing
9722,1665.0,2024-01-28,443.12,clothing
9723,1878.0,2025-01-14,472.51,books
9725,1544.0,2025-09-10,81.06,sports
9726,1699.0,2024-09-10,118.76,sports
9727,1890.0,2024-08-14,240.39,books
9728,1385.0,2025-02-12,470.62,toys
9729,1291.0,2025-04-03,488.52,sports
9730,1465.0,2024-04-29,8.61,books
9731,1636.0,2025-08-23,26.56,electronics
9732,1557.0,2023-11-14,181.61,home
9733,1849.0,2024-09-27,489.92,sports
9734,1145.0,2025-04-18,489.13,electronics
9735,1991.0,2025-09-12,341.27,electronics
9736,1042.0,2024-12-02,194.61,toys
9737,1200.0,2024-12-18,72.81,clothing
9738,1944.0,2025-01-03,469.46,books
9739,1891.0,2024-09-04,205.25,clothing
9740,1020.0,2025-03-21,413.42,toys
9741,1260.0,2025-10-24,252.17,sports
9742,1701.0,2024-10-30,222.25,toys
9743,1726.0,2025-06-03,426.9,clothing
9744,1175.0,2025-07-02,223.14,clothing
9745,1850.0,2025-02-18,83.44,sports
9746,1220.0,2025-09-06,161.24,electronics
9747,1503.0,2024-03-26,491.28,sports
9748,1431.0,2024-11-11,9.06,books
9749,1346.0,2025-03-19,265.98,toys
9750,1810.0,2025-08-03,396.16,books
9751,1743.0,2025-10-06,211.12,books
9752,1036.0,2025-08-13,228.2,sports
9753,1442.0,2024-12-27,355.42,home
9754,1289.0,2024-01-25,163.76,home
9755,1468.0,2024-08-30,394.67,home
9756,1175.0,2024-10-17,174.12,home
9757,1670.0,2024-10-13,129.83,home
9758,1198.0,2025-11-07,101.22,toys
9759,1820.0,2025-03-31,336.9,books
9760,1151.0,2023-11-18,135.65,books
9761,1123.0,2023-12-29,449.55,books
9762,1588.0,2025-01-15,124.65,electronics
9763,1308.0,2025-03-21,272.92,books
9764,1850.0,2025-01-18,174.71,books
9765,1182.0,2024-07-13,460.94,electronics
9766,1126.0,2025-05-24,401.8,toys
9767,1189.0,2023-12-15,17.96,clothing
9768,1266.0,2024-11-21,215.22,books
9769,1183.0,2025-04-06,44.84,clothing
9770,1509.0,2024-05-18,347.06,electronics
9771,1906.0,2024-04-17,479.38,clothing
9772,1371.0,2024-08-30,111.37,electronics
9773,1895.0,2024-05-25,9.34,clothing
9774,1583.0,2024-09-13,483.59,sports
9775,1241.0,2024-09-26,478.29,sports
9776,1606.0,2024-11-18,354.64,home
9777,1990.0,2024-01-05,62.75,toys
9779,1166.0,2025-05-18,26.67,home
9780,1580.0,2025-11-09,242.53,sports
9781,1607.0,2024-04-20,150.52,electronics
9782,1448.0,2025-05-26,92.95,electronics
9783,1120.0,2025-03-07,,electronics
9784,1638.0,2023-12-01,373.98,toys
9785,1646.0,2024-03-13,277.32,toys
9786,1517.0,2024-08-15,361.43,clothing
9787,1442.0,2024-07-19,10.01,sports
9789,1825.0,2025-02-03,429.39,books
9790,1550.0,2023-12-20,39.48,clothing
9791,1690.0,2024-08-21,371.31,sports
9792,1649.0,2024-12-15,127.75,home
9793,1427.0,2024-01-29,323.85,home
9794,1661.0,2024-01-24,120.1,toys
9795,1759.0,2024-10-09,282.15,sports
9796,1976.0,2024-09-05,483.9,books
9797,1808.0,2024-11-22,167.65,sports
9798,1634.0,2025-03-15,419.94,electronics
9799,1441.0,2025-08-15,459.46,books
9800,1534.0,2025-05-05,50.53,toys
9801,1901.0,2024-12-27,69.49,sports
9802,1613.0,2025-08-28,303.91,toys
9803,1242.0,2025-01-04,6.44,home
9804,1044.0,2025-07-17,195.16,electronics
9805,1125.0,2025-05-17,82.88,electronics
9806,1294.0,2025-07-13,126.54,toys
9807,1759.0,2025-09-05,250.81,toys
9808,1206.0,2024-11-02,281.73,books
9809,1228.0,2024-07-04,272.8,sports
9810,1318.0,2024-09-25,338.21,books
9811,1022.0,2025-02-18,299.09,electronics
9812,1818.0,2024-03-29,191.35,toys
9813,1046.0,2025-05-08,264.34,clothing
9814,1235.0,2023-12-31,50.66,electronics
9815,1567.0,2024-06-25,223.82,electronics
9816,1265.0,2025-10-05,215.35,electronics
9817,1573.0,2025-08-08,188.71,home
9818,1264.0,2024-03-24,375.39,clothing
9819,1748.0,2024-02-29,56.61,home
9820,1150.0,2024-02-11,52.38,books
9821,1863.0,2024-02-08,131.67,toys
9822,1651.0,2024-07-11,172.81,toys
9823,1035.0,2024-08-01,313.72,electronics
9824,1405.0,2024-05-23,190.65,electronics
9825,1653.0,2024-12-01,295.32,books
9826,1925.0,2023-12-01,211.29,books
9827,1603.0,2025-09-03,477.11,books
9828,1082.0,2025-04-10,497.87,home
9829,1319.0,2025-05-29,475.7,toys
9830,1868.0,2024-11-21,52.42,electronics
9831,1385.0,2025-04-30,19.81,sports
9833,1757.0,2024-03-20,430.72,toys
9834,1477.0,2024-04-09,194.92,books
9835,1883.0,2025-01-01,407.96,books
9836,1035.0,2025-01-02,469.33,sports
9837,1528.0,2024-12-23,236.86,clothing
9838,1419.0,2024-01-12,71.02,toys
9839,1695.0,2025-02-02,349.76,home
9840,1168.0,2024-11-23,449.4,sports
9841,1720.0,2025-07-04,17.57,clothing
9842,1179.0,2025-05-05,186.29,sports
9843,1665.0,2024-07-07,188.2,clothing
9844,1436.0,2024-10-17,135.88,sports
9845,1514.0,2024-06-02,112.1,clothing
9846,1979.0,2024-09-04,201.27,books
9847,1892.0,2024-01-06,53.61,home
9848,2000.0,2025-03-14,129.63,books
9849,1845.0,2025-01-17,343.15,clothing
9850,1982.0,2025-03-01,20.86,home
9851,1548.0,2025-01-21,14.46,toys
9852,1874.0,2024-05-30,174.26,electronics
9853,1273.0,2025-05-02,192.1,toys
9854,1110.0,2025-03-22,415.78,books
9855,1750.0,2025-08-04,420.11,electronics
9856,1017.0,2025-02-13,289.88,home
9857,1774.0,2023-11-30,296.76,electronics
9858,1019.0,2025-10-15,286.5,clothing
9859,1384.0,2025-05-05,109.84,sports
9860,1261.0,2025-05-16,326.73,electronics
9861,1465.0,2024-02-11,210.42,sports
9862,1398.0,2025-05-03,413.91,toys
9863,1603.0,2025-08-10,232.71,home
9864,1877.0,2025-04-13,25.96,toys
9865,1285.0,2025-03-04,398.04,clothing
9866,1720.0,2024-12-29,285.0,toys
9867,1039.0,2023-11-18,303.29,electronics
9868,1814.0,2024-08-20,281.05,electronics
9869,1228.0,2024-06-22,131.42,electronics
9870,1119.0,2024-06-02,8.41,home
9871,1517.0,2025-10-11,471.55,electronics
9872,1991.0,2024-07-25,130.53,electronics
9873,1922.0,2025-09-04,113.14,home
9874,1575.0,2025-07-07,153.95,clothing
9875,1007.0,2025-09-02,359.45,toys
9876,1345.0,2025-06-30,273.25,clothing
9877,1138.0,2024-01-23,340.54,clothing
9878,1198.0,2025-08-24,301.32,electronics
9879,1131.0,2024-06-26,363.38,electronics
9880,1325.0,2025-09-07,249.77,sports
9881,1756.0,2025-02-15,428.46,sports
9882,1143.0,2024-10-23,278.66,toys
9883,1627.0,2025-04-28,286.42,clothing
9884,1436.0,2025-10-09,214.93,books
9885,1365.0,2024-10-29,57.31,books
9887,1785.0,2025-10-13,385.67,clothing
9888,1190.0,2024-07-14,290.75,books
9889,1047.0,2024-06-22,289.86,electronics
9890,1651.0,2025-10-07,76.32,electronics
9891,1737.0,2024-09-08,388.11,electronics
9892,1482.0,2025-01-18,431.32,toys
9893,1308.0,2025-07-02,402.73,electronics
9894,1339.0,2025-06-11,122.62,clothing
9895,1666.0,2024-07-20,350.37,books
9896,1436.0,2025-08-08,6.04,sports
9897,1821.0,2025-06-29,338.54,clothing
9898,1197.0,2023-12-13,119.43,sports
9899,1416.0,2024-09-09,452.11,home
9900,1863.0,2024-09-25,447.93,home
9901,1570.0,2024-06-21,492.82,sports
9902,1498.0,2025-10-30,350.79,home
9903,1146.0,2024-06-02,161.78,toys
9904,1992.0,2024-04-10,419.16,electronics
9905,1204.0,2024-02-08,267.9,toys
9906,1039.0,2024-03-13,52.74,toys
9907,1247.0,2024-12-27,78.74,home
9908,1014.0,2025-07-15,450.61,electronics
9909,1127.0,2024-03-23,90.2,home
9910,1422.0,2024-06-06,95.17,electronics
9911,1003.0,2025-05-11,146.48,electronics
9912,1357.0,2024-01-02,216.58,clothing
9913,1627.0,2025-06-13,396.72,electronics
9914,1184.0,2024-08-05,386.76,electronics
9915,1452.0,2024-09-22,463.78,clothing
9916,1612.0,2024-11-11,168.33,electronics
9917,1728.0,2023-12-13,268.96,sports
9918,1998.0,2025-06-09,440.97,clothing
9919,1612.0,2024-05-22,107.64,home
9920,1245.0,2024-12-29,439.08,clothing
9921,1254.0,2025-04-12,346.78,home
9922,1082.0,2025-07-13,346.47,clothing
9923,1671.0,2025-09-01,440.75,toys
9924,1048.0,2025-09-18,170.23,books
9925,1317.0,2025-08-15,224.4,home
9926,1391.0,2024-09-12,69.85,sports
9927,1456.0,2024-01-16,496.24,toys
9928,1045.0,2024-08-24,66.38,sports
9929,1774.0,2025-08-26,395.61,sports
9930,1664.0,2025-04-01,437.69,clothing
9931,1924.0,2025-08-02,20.55,electronics
9932,1064.0,2025-10-26,400.15,home
9933,1753.0,2025-02-25,141.7,toys
9934,1674.0,2025-08-28,340.67,toys
9935,1974.0,2025-11-07,308.33,sports
9936,1888.0,2024-06-27,29.4,electronics
9937,1994.0,2024-05-21,461.54,toys
9938,1452.0,2025-03-31,316.44,books
9939,1527.0,2025-01-10,433.15,books
9940,1019.0,2023-12-14,459.51,home
9941,1451.0,2025-02-01,379.11,clothing
9942,1528.0,2024-01-15,357.82,toys
9943,1757.0,2024-01-22,449.79,sports
9944,1144.0,2025-06-15,374.38,books
9945,1980.0,2024-09-12,263.84,clothing
9946,1466.0,2023-12-24,195.4,clothing
9947,1072.0,2025-10-04,236.12,sports
9948,1935.0,2025-01-08,106.58,home
9949,1994.0,2025-03-03,486.31,books
9950,1007.0,2024-05-31,8.08,sports
9951,1694.0,2024-03-16,156.74,books
9952,1262.0,2023-12-03,377.33,clothing
9953,1181.0,2025-11-04,39.56,electronics
9954,1428.0,2024-12-22,148.46,sports
9955,1477.0,2025-05-10,304.66,clothing
9956,1611.0,2025-09-16,124.08,sports
9957,1437.0,2025-02-06,81.31,toys
9958,1769.0,2025-10-10,270.84,home
9959,1199.0,2024-04-10,499.75,toys
9960,1363.0,2024-07-27,469.79,home
9961,1305.0,2025-01-15,74.91,sports
9962,1264.0,2025-10-12,31.53,books
9963,1212.0,2024-06-11,476.6,home
9964,1524.0,2024-03-02,481.71,electronics
9965,1896.0,2025-08-09,269.32,home
9966,1985.0,2025-10-26,261.29,books
9967,1893.0,2024-01-29,237.57,electronics
9968,1150.0,2025-04-24,111.33,sports
9969,1134.0,2025-07-29,76.47,home
9970,1231.0,2024-06-18,93.85,toys
9971,1185.0,2024-08-30,134.03,electronics
9972,1311.0,2023-11-12,438.71,sports
9973,1488.0,2025-07-16,6.5,sports
9974,1271.0,2023-11-24,468.86,sports
9975,1062.0,2024-05-09,221.69,toys
9976,1650.0,2025-10-16,7.78,sports
9977,1601.0,2024-08-28,466.99,electronics
9978,1741.0,2025-08-16,165.78,clothing
9979,1500.0,2025-02-11,352.79,books
9980,1298.0,2024-11-14,278.85,clothing
9981,1570.0,2025-05-02,18.94,toys
9982,1201.0,2025-02-03,356.64,books
9983,1193.0,2024-02-10,194.16,home
9984,1833.0,2025-07-12,220.68,clothing
9985,1992.0,2025-03-12,380.21,books
9986,1524.0,2025-10-18,249.35,home
9987,1854.0,2024-07-03,407.44,home
9990,1614.0,2023-12-23,205.51,home
9993,1302.0,2025-10-24,119.55,clothing
9994,1391.0,2024-12-15,58.03,books
9995,1210.0,2024-12-08,492.94,electronics
9996,1102.0,2023-11-20,484.8,electronics
9997,1916.0,2025-06-04,428.83,toys
9998,1585.0,2024-09-01,403.79,home
9999,1614.0,2024-03-30,114.57,toys
10000,1621.0,2024-05-03,237.32,home
